,Date,Time,Visitor,Vis_PTS,Home,Home_PTS,Box Score,#OTs,Attend.,Notes
0,Sun Dec 25 2011,2:30 pm,Miami Heat,105,Dallas Mavericks,94,Box Score,,20421,
1,Sun Dec 25 2011,10:30 pm,Los Angeles Clippers,105,Golden State Warriors,86,Box Score,,19596,
2,Sun Dec 25 2011,5:00 pm,Chicago Bulls,88,Los Angeles Lakers,87,Box Score,,18997,
3,Sun Dec 25 2011,12:00 pm,Boston Celtics,104,New York Knicks,106,Box Score,,19763,
4,Sun Dec 25 2011,8:00 pm,Orlando Magic,89,Oklahoma City Thunder,97,Box Score,,18203,
5,Mon Dec 26 2011,7:00 pm,Milwaukee Bucks,95,Charlotte Bobcats,96,Box Score,,17173,
6,Mon Dec 26 2011,7:00 pm,Toronto Raptors,104,Cleveland Cavaliers,96,Box Score,,20562,
7,Mon Dec 26 2011,8:30 pm,Denver Nuggets,115,Dallas Mavericks,93,Box Score,,20408,
8,Mon Dec 26 2011,10:30 pm,Chicago Bulls,91,Golden State Warriors,99,Box Score,,19596,
9,Mon Dec 26 2011,7:00 pm,Detroit Pistons,79,Indiana Pacers,91,Box Score,,18165,
10,Mon Dec 26 2011,8:00 pm,Oklahoma City Thunder,104,Minnesota Timberwolves,100,Box Score,,19406,
11,Mon Dec 26 2011,7:00 pm,Houston Rockets,95,Orlando Magic,104,Box Score,,18846,
12,Mon Dec 26 2011,9:00 pm,New Orleans Hornets,85,Phoenix Suns,84,Box Score,,17776,
13,Mon Dec 26 2011,10:00 pm,Philadelphia 76ers,103,Portland Trail Blazers,107,Box Score,,20509,
14,Mon Dec 26 2011,10:00 pm,Los Angeles Lakers,91,Sacramento Kings,100,Box Score,,17317,
15,Mon Dec 26 2011,8:30 pm,Memphis Grizzlies,82,San Antonio Spurs,95,Box Score,,18581,
16,Mon Dec 26 2011,7:00 pm,New Jersey Nets,90,Washington Wizards,84,Box Score,,17102,
17,Tue Dec 27 2011,10:30 pm,Utah Jazz,71,Los Angeles Lakers,96,Box Score,,18997,
18,Tue Dec 27 2011,8:00 pm,Boston Celtics,107,Miami Heat,115,Box Score,,20166,
19,Tue Dec 27 2011,8:30 pm,Minnesota Timberwolves,95,Milwaukee Bucks,98,Box Score,,17352,
20,Tue Dec 27 2011,7:30 pm,Atlanta Hawks,106,New Jersey Nets,70,Box Score,,18711,
21,Tue Dec 27 2011,10:00 pm,Sacramento Kings,79,Portland Trail Blazers,101,Box Score,,20350,
22,Wed Dec 28 2011,7:30 pm,Washington Wizards,83,Atlanta Hawks,101,Box Score,,17750,
23,Wed Dec 28 2011,7:00 pm,Miami Heat,96,Charlotte Bobcats,95,Box Score,,19614,
24,Wed Dec 28 2011,9:00 pm,Utah Jazz,100,Denver Nuggets,117,Box Score,,19155,
25,Wed Dec 28 2011,7:30 pm,Cleveland Cavaliers,105,Detroit Pistons,89,Box Score,,22076,
26,Wed Dec 28 2011,10:30 pm,New York Knicks,78,Golden State Warriors,92,Box Score,,19596,
27,Wed Dec 28 2011,8:00 pm,Oklahoma City Thunder,98,Memphis Grizzlies,95,Box Score,,18119,
28,Wed Dec 28 2011,8:00 pm,Boston Celtics,78,New Orleans Hornets,97,Box Score,,17802,
29,Wed Dec 28 2011,9:00 pm,Philadelphia 76ers,103,Phoenix Suns,83,Box Score,,16360,
30,Wed Dec 28 2011,8:30 pm,Los Angeles Clippers,90,San Antonio Spurs,115,Box Score,,18581,
31,Wed Dec 28 2011,6:00 pm,Indiana Pacers,90,Toronto Raptors,85,Box Score,,19800,
32,Thu Dec 29 2011,8:00 pm,San Antonio Spurs,85,Houston Rockets,105,Box Score,,18267,
33,Thu Dec 29 2011,10:30 pm,New York Knicks,82,Los Angeles Lakers,99,Box Score,,18997,
34,Thu Dec 29 2011,8:00 pm,Dallas Mavericks,102,Oklahoma City Thunder,104,Box Score,,18203,
35,Thu Dec 29 2011,7:00 pm,New Jersey Nets,78,Orlando Magic,94,Box Score,,18954,
36,Thu Dec 29 2011,10:00 pm,Denver Nuggets,102,Portland Trail Blazers,111,Box Score,,20531,
37,Thu Dec 29 2011,10:00 pm,Chicago Bulls,108,Sacramento Kings,98,Box Score,,17317,
38,Fri Dec 30 2011,7:30 pm,New Jersey Nets,98,Atlanta Hawks,105,Box Score,,16300,
39,Fri Dec 30 2011,7:30 pm,Detroit Pistons,85,Boston Celtics,96,Box Score,,18624,
40,Fri Dec 30 2011,7:00 pm,Orlando Magic,100,Charlotte Bobcats,79,Box Score,,18064,
41,Fri Dec 30 2011,8:30 pm,Toronto Raptors,86,Dallas Mavericks,99,Box Score,,20307,
42,Fri Dec 30 2011,7:00 pm,Cleveland Cavaliers,91,Indiana Pacers,98,Box Score,OT,13004,
43,Fri Dec 30 2011,10:30 pm,Chicago Bulls,114,Los Angeles Clippers,101,Box Score,,19426,
44,Fri Dec 30 2011,8:00 pm,Houston Rockets,93,Memphis Grizzlies,113,Box Score,,16069,
45,Fri Dec 30 2011,8:30 pm,Washington Wizards,81,Milwaukee Bucks,102,Box Score,,17065,
46,Fri Dec 30 2011,8:00 pm,Miami Heat,103,Minnesota Timberwolves,101,Box Score,,19356,
47,Fri Dec 30 2011,8:00 pm,Phoenix Suns,93,New Orleans Hornets,78,Box Score,,15790,
48,Fri Dec 30 2011,9:00 pm,Philadelphia 76ers,99,Utah Jazz,102,Box Score,,19911,
49,Sat Dec 31 2011,6:00 pm,Indiana Pacers,88,Detroit Pistons,96,Box Score,,8824,
50,Sat Dec 31 2011,9:00 pm,Philadelphia 76ers,107,Golden State Warriors,79,Box Score,,19084,
51,Sat Dec 31 2011,7:00 pm,Atlanta Hawks,84,Houston Rockets,95,Box Score,,14390,
52,Sat Dec 31 2011,3:30 pm,Denver Nuggets,89,Los Angeles Lakers,92,Box Score,,18997,
53,Sat Dec 31 2011,8:00 pm,Phoenix Suns,97,Oklahoma City Thunder,107,Box Score,,18203,
54,Sat Dec 31 2011,8:00 pm,New York Knicks,114,Sacramento Kings,92,Box Score,,16175,
55,Sat Dec 31 2011,8:30 pm,Utah Jazz,89,San Antonio Spurs,104,Box Score,,17769,
56,Sun Jan 1 2012,8:00 pm,Memphis Grizzlies,64,Chicago Bulls,104,Box Score,,22763,
57,Sun Jan 1 2012,6:00 pm,New Jersey Nets,82,Cleveland Cavaliers,98,Box Score,,15084,
58,Sun Jan 1 2012,8:00 pm,Los Angeles Lakers,90,Denver Nuggets,99,Box Score,,19155,
59,Sun Jan 1 2012,9:30 pm,Portland Trail Blazers,88,Los Angeles Clippers,93,Box Score,,19060,
60,Sun Jan 1 2012,6:00 pm,Charlotte Bobcats,90,Miami Heat,129,Box Score,,20016,
61,Sun Jan 1 2012,7:00 pm,Dallas Mavericks,82,Minnesota Timberwolves,99,Box Score,,15115,
62,Sun Jan 1 2012,6:00 pm,Toronto Raptors,96,Orlando Magic,102,Box Score,,18846,
63,Sun Jan 1 2012,9:00 pm,New Orleans Hornets,80,Sacramento Kings,96,Box Score,,13628,
64,Sun Jan 1 2012,6:00 pm,Boston Celtics,94,Washington Wizards,86,Box Score,,17458,
65,Mon Jan 2 2012,7:30 pm,Washington Wizards,92,Boston Celtics,100,Box Score,,18624,
66,Mon Jan 2 2012,8:30 pm,Oklahoma City Thunder,87,Dallas Mavericks,100,Box Score,,20108,
67,Mon Jan 2 2012,9:00 pm,Milwaukee Bucks,86,Denver Nuggets,91,Box Score,,14142,
68,Mon Jan 2 2012,7:30 pm,Orlando Magic,78,Detroit Pistons,89,Box Score,,8120,
69,Mon Jan 2 2012,7:30 pm,Atlanta Hawks,100,Miami Heat,92,Box Score,,20078,
70,Mon Jan 2 2012,8:00 pm,San Antonio Spurs,96,Minnesota Timberwolves,106,Box Score,,14514,
71,Mon Jan 2 2012,7:30 pm,Indiana Pacers,108,New Jersey Nets,94,Box Score,,12519,
72,Mon Jan 2 2012,7:30 pm,Toronto Raptors,90,New York Knicks,85,Box Score,,19763,
73,Mon Jan 2 2012,3:30 pm,Golden State Warriors,91,Phoenix Suns,102,Box Score,,14793,
74,Mon Jan 2 2012,9:00 pm,New Orleans Hornets,90,Utah Jazz,94,Box Score,,19159,
75,Tue Jan 3 2012,8:00 pm,Atlanta Hawks,74,Chicago Bulls,76,Box Score,,22166,
76,Tue Jan 3 2012,7:00 pm,Charlotte Bobcats,101,Cleveland Cavaliers,115,Box Score,,14173,
77,Tue Jan 3 2012,10:30 pm,Houston Rockets,99,Los Angeles Lakers,108,Box Score,,18997,
78,Tue Jan 3 2012,8:00 pm,Sacramento Kings,96,Memphis Grizzlies,113,Box Score,,12391,
79,Tue Jan 3 2012,8:00 pm,Portland Trail Blazers,103,Oklahoma City Thunder,93,Box Score,,18203,
80,Tue Jan 3 2012,9:00 pm,Milwaukee Bucks,73,Utah Jazz,85,Box Score,,17756,
81,Wed Jan 4 2012,7:30 pm,New Jersey Nets,70,Boston Celtics,89,Box Score,,18624,
82,Wed Jan 4 2012,8:30 pm,Phoenix Suns,89,Dallas Mavericks,98,Box Score,,19885,
83,Wed Jan 4 2012,9:00 pm,Sacramento Kings,83,Denver Nuggets,110,Box Score,,14562,
84,Wed Jan 4 2012,7:30 pm,Chicago Bulls,99,Detroit Pistons,83,Box Score,,9125,
85,Wed Jan 4 2012,10:30 pm,Houston Rockets,89,Los Angeles Clippers,117,Box Score,,19060,
86,Wed Jan 4 2012,7:30 pm,Indiana Pacers,83,Miami Heat,118,Box Score,,20201,
87,Wed Jan 4 2012,8:00 pm,Memphis Grizzlies,90,Minnesota Timberwolves,86,Box Score,,17404,
88,Wed Jan 4 2012,8:00 pm,Philadelphia 76ers,101,New Orleans Hornets,93,Box Score,,12387,
89,Wed Jan 4 2012,7:30 pm,Charlotte Bobcats,118,New York Knicks,110,Box Score,,19763,
90,Wed Jan 4 2012,7:00 pm,Washington Wizards,85,Orlando Magic,103,Box Score,,18846,
91,Wed Jan 4 2012,8:30 pm,Golden State Warriors,95,San Antonio Spurs,101,Box Score,,16751,
92,Wed Jan 4 2012,7:00 pm,Cleveland Cavaliers,77,Toronto Raptors,92,Box Score,,14468,
93,Thu Jan 5 2012,8:00 pm,Miami Heat,116,Atlanta Hawks,109,Box Score,3OT,18371,
94,Thu Jan 5 2012,10:30 pm,Los Angeles Lakers,96,Portland Trail Blazers,107,Box Score,,20444,
95,Thu Jan 5 2012,10:00 pm,Milwaukee Bucks,100,Sacramento Kings,103,Box Score,,11813,
96,Thu Jan 5 2012,8:30 pm,Dallas Mavericks,71,San Antonio Spurs,93,Box Score,,18581,
97,Fri Jan 6 2012,7:30 pm,Indiana Pacers,87,Boston Celtics,74,Box Score,,18624,
98,Fri Jan 6 2012,7:00 pm,Atlanta Hawks,102,Charlotte Bobcats,96,Box Score,OT,17827,
99,Fri Jan 6 2012,10:30 pm,Golden State Warriors,90,Los Angeles Lakers,97,Box Score,,18997,
100,Fri Jan 6 2012,8:00 pm,Cleveland Cavaliers,98,Minnesota Timberwolves,87,Box Score,,16943,
101,Fri Jan 6 2012,8:00 pm,Denver Nuggets,96,New Orleans Hornets,88,Box Score,,13035,
102,Fri Jan 6 2012,8:00 pm,Houston Rockets,94,Oklahoma City Thunder,109,Box Score,,18203,
103,Fri Jan 6 2012,8:00 pm,Chicago Bulls,97,Orlando Magic,83,Box Score,,18912,
104,Fri Jan 6 2012,7:00 pm,Detroit Pistons,73,Philadelphia 76ers,96,Box Score,,19408,
105,Fri Jan 6 2012,10:30 pm,Portland Trail Blazers,77,Phoenix Suns,102,Box Score,,16235,
106,Fri Jan 6 2012,7:00 pm,New Jersey Nets,97,Toronto Raptors,85,Box Score,,16771,
107,Fri Jan 6 2012,9:00 pm,Memphis Grizzlies,85,Utah Jazz,94,Box Score,,19503,
108,Fri Jan 6 2012,7:00 pm,New York Knicks,99,Washington Wizards,96,Box Score,,16998,
109,Sat Jan 7 2012,7:00 pm,Chicago Bulls,94,Atlanta Hawks,109,Box Score,,17112,
110,Sat Jan 7 2012,9:00 pm,New Orleans Hornets,81,Dallas Mavericks,96,Box Score,,20409,
111,Sat Jan 7 2012,7:30 pm,New York Knicks,103,Detroit Pistons,80,Box Score,,12044,
112,Sat Jan 7 2012,10:30 pm,Utah Jazz,88,Golden State Warriors,87,Box Score,,19596,
113,Sat Jan 7 2012,8:00 pm,Oklahoma City Thunder,98,Houston Rockets,95,Box Score,,14327,
114,Sat Jan 7 2012,7:00 pm,Charlotte Bobcats,77,Indiana Pacers,99,Box Score,,17226,
115,Sat Jan 7 2012,10:30 pm,Milwaukee Bucks,86,Los Angeles Clippers,92,Box Score,,19229,
116,Sat Jan 7 2012,7:30 pm,Miami Heat,101,New Jersey Nets,90,Box Score,,18711,
117,Sat Jan 7 2012,8:00 pm,Toronto Raptors,62,Philadelphia 76ers,97,Box Score,,14522,
118,Sat Jan 7 2012,8:30 pm,Denver Nuggets,117,San Antonio Spurs,121,Box Score,,17537,
119,Sun Jan 8 2012,9:30 pm,Memphis Grizzlies,82,Los Angeles Lakers,90,Box Score,,18997,
120,Sun Jan 8 2012,7:00 pm,San Antonio Spurs,96,Oklahoma City Thunder,108,Box Score,,18203,
121,Sun Jan 8 2012,8:00 pm,Milwaukee Bucks,93,Phoenix Suns,109,Box Score,,13420,
122,Sun Jan 8 2012,9:00 pm,Cleveland Cavaliers,78,Portland Trail Blazers,98,Box Score,,20292,
123,Sun Jan 8 2012,6:00 pm,Orlando Magic,104,Sacramento Kings,97,Box Score,,14150,
124,Sun Jan 8 2012,1:00 pm,Minnesota Timberwolves,93,Washington Wizards,72,Box Score,,13095,
125,Mon Jan 9 2012,8:00 pm,Detroit Pistons,68,Chicago Bulls,92,Box Score,,21530,
126,Mon Jan 9 2012,9:00 pm,New Orleans Hornets,94,Denver Nuggets,81,Box Score,,14002,
127,Mon Jan 9 2012,7:30 pm,Atlanta Hawks,106,New Jersey Nets,101,Box Score,,12259,
128,Mon Jan 9 2012,7:30 pm,Charlotte Bobcats,87,New York Knicks,91,Box Score,,19763,
129,Mon Jan 9 2012,7:00 pm,Indiana Pacers,86,Philadelphia 76ers,96,Box Score,,8612,
130,Mon Jan 9 2012,7:00 pm,Minnesota Timberwolves,87,Toronto Raptors,97,Box Score,,14097,
131,Tue Jan 10 2012,7:00 pm,Houston Rockets,82,Charlotte Bobcats,70,Box Score,,13421,
132,Tue Jan 10 2012,7:30 pm,Dallas Mavericks,100,Detroit Pistons,86,Box Score,,10073,
133,Tue Jan 10 2012,10:30 pm,Miami Heat,106,Golden State Warriors,111,Box Score,OT,19596,
134,Tue Jan 10 2012,10:30 pm,Phoenix Suns,83,Los Angeles Lakers,99,Box Score,,18997,
135,Tue Jan 10 2012,8:00 pm,Oklahoma City Thunder,100,Memphis Grizzlies,95,Box Score,,13601,
136,Tue Jan 10 2012,8:00 pm,San Antonio Spurs,103,Milwaukee Bucks,106,Box Score,,11585,
137,Tue Jan 10 2012,8:00 pm,Chicago Bulls,111,Minnesota Timberwolves,100,Box Score,,19356,
138,Tue Jan 10 2012,7:00 pm,Sacramento Kings,85,Philadelphia 76ers,112,Box Score,,10255,
139,Tue Jan 10 2012,10:00 pm,Los Angeles Clippers,97,Portland Trail Blazers,105,Box Score,,20381,
140,Tue Jan 10 2012,9:00 pm,Cleveland Cavaliers,105,Utah Jazz,113,Box Score,,17859,
141,Tue Jan 10 2012,7:00 pm,Toronto Raptors,78,Washington Wizards,93,Box Score,,14077,
142,Wed Jan 11 2012,8:00 pm,Dallas Mavericks,90,Boston Celtics,85,Box Score,,18624,
143,Wed Jan 11 2012,8:00 pm,Washington Wizards,64,Chicago Bulls,78,Box Score,,21366,
144,Wed Jan 11 2012,9:00 pm,New Jersey Nets,115,Denver Nuggets,123,Box Score,,14139,
145,Wed Jan 11 2012,7:00 pm,Atlanta Hawks,84,Indiana Pacers,96,Box Score,,10334,
146,Wed Jan 11 2012,10:30 pm,Miami Heat,89,Los Angeles Clippers,95,Box Score,OT,19341,
147,Wed Jan 11 2012,8:00 pm,Oklahoma City Thunder,95,New Orleans Hornets,85,Box Score,,13565,
148,Wed Jan 11 2012,7:30 pm,Philadelphia 76ers,79,New York Knicks,85,Box Score,,19763,
149,Wed Jan 11 2012,10:00 pm,Orlando Magic,107,Portland Trail Blazers,104,Box Score,,20467,
150,Wed Jan 11 2012,8:30 pm,Houston Rockets,95,San Antonio Spurs,101,Box Score,OT,17381,
151,Wed Jan 11 2012,7:00 pm,Sacramento Kings,98,Toronto Raptors,91,Box Score,,14323,
152,Wed Jan 11 2012,9:00 pm,Los Angeles Lakers,90,Utah Jazz,87,Box Score,OT,19642,
153,Thu Jan 12 2012,7:30 pm,Charlotte Bobcats,81,Atlanta Hawks,111,Box Score,,10597,
154,Thu Jan 12 2012,10:30 pm,Orlando Magic,117,Golden State Warriors,109,Box Score,,17754,
155,Thu Jan 12 2012,8:00 pm,New York Knicks,83,Memphis Grizzlies,94,Box Score,,15324,
156,Thu Jan 12 2012,8:00 pm,Detroit Pistons,93,Milwaukee Bucks,102,Box Score,,11465,
157,Thu Jan 12 2012,9:00 pm,Cleveland Cavaliers,101,Phoenix Suns,90,Box Score,,14636,
158,Fri Jan 13 2012,8:00 pm,Chicago Bulls,88,Boston Celtics,79,Box Score,,18624,
159,Fri Jan 13 2012,7:00 pm,Detroit Pistons,98,Charlotte Bobcats,81,Box Score,,18043,
160,Fri Jan 13 2012,8:30 pm,Milwaukee Bucks,76,Dallas Mavericks,102,Box Score,,20112,
161,Fri Jan 13 2012,10:30 pm,Miami Heat,104,Denver Nuggets,117,Box Score,,19155,
162,Fri Jan 13 2012,8:00 pm,Sacramento Kings,89,Houston Rockets,103,Box Score,,12870,
163,Fri Jan 13 2012,10:30 pm,Cleveland Cavaliers,92,Los Angeles Lakers,97,Box Score,,18997,
164,Fri Jan 13 2012,8:00 pm,Minnesota Timberwolves,87,New Orleans Hornets,80,Box Score,,14295,
165,Fri Jan 13 2012,7:00 pm,Washington Wizards,89,Philadelphia 76ers,120,Box Score,,14213,
166,Fri Jan 13 2012,9:00 pm,New Jersey Nets,110,Phoenix Suns,103,Box Score,,15191,
167,Fri Jan 13 2012,8:30 pm,Portland Trail Blazers,83,San Antonio Spurs,99,Box Score,,18581,
168,Fri Jan 13 2012,7:00 pm,Indiana Pacers,95,Toronto Raptors,90,Box Score,,15302,
169,Sat Jan 14 2012,7:00 pm,Minnesota Timberwolves,91,Atlanta Hawks,93,Box Score,,13135,
170,Sat Jan 14 2012,7:00 pm,Golden State Warriors,100,Charlotte Bobcats,112,Box Score,,16122,
171,Sat Jan 14 2012,8:00 pm,Toronto Raptors,64,Chicago Bulls,77,Box Score,,21962,
172,Sat Jan 14 2012,9:00 pm,Sacramento Kings,60,Dallas Mavericks,99,Box Score,,20313,
173,Sat Jan 14 2012,8:00 pm,Portland Trail Blazers,105,Houston Rockets,107,Box Score,OT,11676,
174,Sat Jan 14 2012,7:00 pm,Boston Celtics,83,Indiana Pacers,97,Box Score,,14203,
175,Sat Jan 14 2012,10:30 pm,Los Angeles Lakers,94,Los Angeles Clippers,102,Box Score,,19895,
176,Sat Jan 14 2012,8:00 pm,New Orleans Hornets,99,Memphis Grizzlies,108,Box Score,,14983,
177,Sat Jan 14 2012,8:00 pm,New York Knicks,92,Oklahoma City Thunder,104,Box Score,,18203,
178,Sat Jan 14 2012,9:00 pm,New Jersey Nets,94,Utah Jazz,107,Box Score,,19557,
179,Sat Jan 14 2012,7:00 pm,Philadelphia 76ers,103,Washington Wizards,90,Box Score,,13998,
180,Sun Jan 15 2012,8:00 pm,Utah Jazz,106,Denver Nuggets,96,Box Score,,16208,
181,Sun Jan 15 2012,6:00 pm,Golden State Warriors,99,Detroit Pistons,91,Box Score,,11774,
182,Sun Jan 15 2012,9:00 pm,Phoenix Suns,91,San Antonio Spurs,102,Box Score,,18581,
183,Mon Jan 16 2012,4:00 pm,Toronto Raptors,84,Atlanta Hawks,93,Box Score,,11050,
184,Mon Jan 16 2012,8:00 pm,Oklahoma City Thunder,97,Boston Celtics,88,Box Score,,18624,
185,Mon Jan 16 2012,2:00 pm,Cleveland Cavaliers,102,Charlotte Bobcats,94,Box Score,,14988,
186,Mon Jan 16 2012,3:30 pm,New Jersey Nets,91,Los Angeles Clippers,101,Box Score,,19060,
187,Mon Jan 16 2012,10:30 pm,Dallas Mavericks,70,Los Angeles Lakers,73,Box Score,,18997,
188,Mon Jan 16 2012,1:00 pm,Chicago Bulls,86,Memphis Grizzlies,102,Box Score,,18119,
189,Mon Jan 16 2012,8:00 pm,Sacramento Kings,86,Minnesota Timberwolves,99,Box Score,,16159,
190,Mon Jan 16 2012,3:00 pm,Portland Trail Blazers,84,New Orleans Hornets,77,Box Score,,14758,
191,Mon Jan 16 2012,1:00 pm,Orlando Magic,102,New York Knicks,93,Box Score,,19763,
192,Mon Jan 16 2012,2:00 pm,Milwaukee Bucks,82,Philadelphia 76ers,94,Box Score,,17281,
193,Mon Jan 16 2012,2:00 pm,Houston Rockets,114,Washington Wizards,106,Box Score,,15594,
194,Tue Jan 17 2012,8:00 pm,Phoenix Suns,97,Chicago Bulls,118,Box Score,,21347,
195,Tue Jan 17 2012,7:00 pm,Golden State Warriors,105,Cleveland Cavaliers,95,Box Score,,13056,
196,Tue Jan 17 2012,8:00 pm,Detroit Pistons,80,Houston Rockets,97,Box Score,,9318,
197,Tue Jan 17 2012,7:30 pm,San Antonio Spurs,98,Miami Heat,120,Box Score,,19600,
198,Tue Jan 17 2012,8:00 pm,Denver Nuggets,105,Milwaukee Bucks,95,Box Score,,11322,
199,Tue Jan 17 2012,7:00 pm,Charlotte Bobcats,89,Orlando Magic,96,Box Score,,18846,
200,Tue Jan 17 2012,9:00 pm,Los Angeles Clippers,79,Utah Jazz,108,Box Score,,19371,
201,Wed Jan 18 2012,8:00 pm,Portland Trail Blazers,89,Atlanta Hawks,92,Box Score,,13729,
202,Wed Jan 18 2012,7:30 pm,Toronto Raptors,73,Boston Celtics,96,Box Score,,18624,
203,Wed Jan 18 2012,10:30 pm,Dallas Mavericks,89,Los Angeles Clippers,91,Box Score,,19252,
204,Wed Jan 18 2012,8:00 pm,Detroit Pistons,85,Minnesota Timberwolves,93,Box Score,,15598,
205,Wed Jan 18 2012,7:30 pm,Golden State Warriors,100,New Jersey Nets,107,Box Score,,12570,
206,Wed Jan 18 2012,8:00 pm,Memphis Grizzlies,93,New Orleans Hornets,87,Box Score,,12045,
207,Wed Jan 18 2012,7:30 pm,Phoenix Suns,91,New York Knicks,88,Box Score,,19763,
208,Wed Jan 18 2012,7:00 pm,San Antonio Spurs,85,Orlando Magic,83,Box Score,OT,18846,
209,Wed Jan 18 2012,7:00 pm,Denver Nuggets,108,Philadelphia 76ers,104,Box Score,OT,15201,
210,Wed Jan 18 2012,10:00 pm,Indiana Pacers,88,Sacramento Kings,92,Box Score,,14170,
211,Wed Jan 18 2012,7:00 pm,Oklahoma City Thunder,102,Washington Wizards,105,Box Score,,15075,
212,Thu Jan 19 2012,8:00 pm,New Orleans Hornets,88,Houston Rockets,90,Box Score,OT,10845,
213,Thu Jan 19 2012,8:00 pm,Los Angeles Lakers,87,Miami Heat,98,Box Score,,20004,
214,Thu Jan 19 2012,10:30 pm,Dallas Mavericks,94,Utah Jazz,91,Box Score,,19911,
215,Fri Jan 20 2012,7:30 pm,Phoenix Suns,79,Boston Celtics,71,Box Score,,18624,
216,Fri Jan 20 2012,7:30 pm,Chicago Bulls,114,Cleveland Cavaliers,75,Box Score,,17871,
217,Fri Jan 20 2012,7:30 pm,Memphis Grizzlies,98,Detroit Pistons,81,Box Score,,10255,
218,Fri Jan 20 2012,10:30 pm,Indiana Pacers,94,Golden State Warriors,91,Box Score,,17621,
219,Fri Jan 20 2012,10:30 pm,Minnesota Timberwolves,101,Los Angeles Clippers,98,Box Score,,19492,
220,Fri Jan 20 2012,7:30 pm,Milwaukee Bucks,100,New York Knicks,86,Box Score,,19763,
221,Fri Jan 20 2012,8:00 pm,Los Angeles Lakers,80,Orlando Magic,92,Box Score,,18846,
222,Fri Jan 20 2012,7:00 pm,Atlanta Hawks,76,Philadelphia 76ers,90,Box Score,,17724,
223,Fri Jan 20 2012,8:30 pm,Sacramento Kings,88,San Antonio Spurs,86,Box Score,,18581,
224,Fri Jan 20 2012,7:00 pm,Portland Trail Blazers,94,Toronto Raptors,84,Box Score,,17537,
225,Fri Jan 20 2012,7:00 pm,Denver Nuggets,108,Washington Wizards,104,Box Score,,14866,
226,Sat Jan 21 2012,7:00 pm,Cleveland Cavaliers,94,Atlanta Hawks,121,Box Score,,15922,
227,Sat Jan 21 2012,8:00 pm,Charlotte Bobcats,89,Chicago Bulls,95,Box Score,,21861,
228,Sat Jan 21 2012,7:30 pm,Portland Trail Blazers,91,Detroit Pistons,94,Box Score,,14456,
229,Sat Jan 21 2012,8:00 pm,San Antonio Spurs,102,Houston Rockets,105,Box Score,,15285,
230,Sat Jan 21 2012,8:00 pm,Sacramento Kings,95,Memphis Grizzlies,128,Box Score,,16562,
231,Sat Jan 21 2012,7:30 pm,Philadelphia 76ers,92,Miami Heat,113,Box Score,,19725,
232,Sat Jan 21 2012,8:00 pm,Oklahoma City Thunder,84,New Jersey Nets,74,Box Score,,15201,
233,Sat Jan 21 2012,8:00 pm,Dallas Mavericks,83,New Orleans Hornets,81,Box Score,,15471,
234,Sat Jan 21 2012,7:30 pm,Denver Nuggets,119,New York Knicks,114,Box Score,2OT,19763,
235,Sat Jan 21 2012,9:00 pm,Minnesota Timberwolves,98,Utah Jazz,108,Box Score,,19911,
236,Sun Jan 22 2012,3:30 pm,Toronto Raptors,91,Los Angeles Clippers,103,Box Score,,19060,
237,Sun Jan 22 2012,9:30 pm,Indiana Pacers,98,Los Angeles Lakers,96,Box Score,,18997,
238,Sun Jan 22 2012,6:00 pm,Milwaukee Bucks,91,Miami Heat,82,Box Score,,19600,
239,Sun Jan 22 2012,6:00 pm,Charlotte Bobcats,87,New Jersey Nets,97,Box Score,,10035,
240,Sun Jan 22 2012,1:00 pm,Boston Celtics,100,Washington Wizards,94,Box Score,,15818,
241,Mon Jan 23 2012,7:30 pm,Orlando Magic,56,Boston Celtics,87,Box Score,,18624,
242,Mon Jan 23 2012,8:00 pm,New Jersey Nets,95,Chicago Bulls,110,Box Score,,21572,
243,Mon Jan 23 2012,8:30 pm,Phoenix Suns,87,Dallas Mavericks,93,Box Score,,19944,
244,Mon Jan 23 2012,10:30 pm,Memphis Grizzlies,91,Golden State Warriors,90,Box Score,,17549,
245,Mon Jan 23 2012,8:00 pm,Atlanta Hawks,97,Milwaukee Bucks,92,Box Score,,13048,
246,Mon Jan 23 2012,8:00 pm,Houston Rockets,107,Minnesota Timberwolves,92,Box Score,,16924,
247,Mon Jan 23 2012,8:00 pm,San Antonio Spurs,104,New Orleans Hornets,102,Box Score,,12599,
248,Mon Jan 23 2012,8:00 pm,Detroit Pistons,79,Oklahoma City Thunder,99,Box Score,,18203,
249,Mon Jan 23 2012,7:00 pm,Washington Wizards,83,Philadelphia 76ers,103,Box Score,,10108,
250,Mon Jan 23 2012,10:00 pm,Sacramento Kings,89,Portland Trail Blazers,101,Box Score,,20363,
251,Tue Jan 24 2012,7:00 pm,New York Knicks,111,Charlotte Bobcats,78,Box Score,,16802,
252,Tue Jan 24 2012,7:00 pm,Orlando Magic,102,Indiana Pacers,83,Box Score,,12760,
253,Tue Jan 24 2012,7:30 pm,Cleveland Cavaliers,85,Miami Heat,92,Box Score,,19600,
254,Tue Jan 24 2012,9:00 pm,Toronto Raptors,99,Phoenix Suns,96,Box Score,,15404,
255,Tue Jan 24 2012,10:00 pm,Memphis Grizzlies,84,Portland Trail Blazers,97,Box Score,,20602,
256,Wed Jan 25 2012,8:00 pm,Indiana Pacers,95,Chicago Bulls,90,Box Score,,21755,
257,Wed Jan 25 2012,7:00 pm,New York Knicks,81,Cleveland Cavaliers,91,Box Score,,16760,
258,Wed Jan 25 2012,8:30 pm,Minnesota Timberwolves,105,Dallas Mavericks,90,Box Score,,20150,
259,Wed Jan 25 2012,7:30 pm,Miami Heat,101,Detroit Pistons,98,Box Score,,18058,
260,Wed Jan 25 2012,10:30 pm,Portland Trail Blazers,93,Golden State Warriors,101,Box Score,,17923,
261,Wed Jan 25 2012,8:00 pm,Milwaukee Bucks,105,Houston Rockets,99,Box Score,,10573,
262,Wed Jan 25 2012,10:30 pm,Los Angeles Clippers,91,Los Angeles Lakers,96,Box Score,,18997,
263,Wed Jan 25 2012,8:00 pm,New Orleans Hornets,91,Oklahoma City Thunder,101,Box Score,,18203,
264,Wed Jan 25 2012,7:00 pm,New Jersey Nets,97,Philadelphia 76ers,90,Box Score,OT,13138,
265,Wed Jan 25 2012,10:00 pm,Denver Nuggets,122,Sacramento Kings,93,Box Score,,12097,
266,Wed Jan 25 2012,8:30 pm,Atlanta Hawks,83,San Antonio Spurs,105,Box Score,,17888,
267,Wed Jan 25 2012,9:00 pm,Toronto Raptors,111,Utah Jazz,106,Box Score,2OT,19802,
268,Wed Jan 25 2012,7:00 pm,Charlotte Bobcats,75,Washington Wizards,92,Box Score,,15286,
269,Thu Jan 26 2012,10:30 pm,Memphis Grizzlies,91,Los Angeles Clippers,98,Box Score,,19275,
270,Thu Jan 26 2012,8:00 pm,Boston Celtics,91,Orlando Magic,83,Box Score,,18952,
271,Fri Jan 27 2012,7:30 pm,Indiana Pacers,87,Boston Celtics,94,Box Score,,18624,
272,Fri Jan 27 2012,8:00 pm,Milwaukee Bucks,100,Chicago Bulls,107,Box Score,,22368,
273,Fri Jan 27 2012,7:30 pm,New Jersey Nets,99,Cleveland Cavaliers,96,Box Score,,13121,
274,Fri Jan 27 2012,8:30 pm,Utah Jazz,101,Dallas Mavericks,116,Box Score,,20096,
275,Fri Jan 27 2012,9:00 pm,Toronto Raptors,81,Denver Nuggets,96,Box Score,,18855,
276,Fri Jan 27 2012,7:30 pm,Atlanta Hawks,107,Detroit Pistons,101,Box Score,OT,14010,
277,Fri Jan 27 2012,10:30 pm,Oklahoma City Thunder,120,Golden State Warriors,109,Box Score,,19596,
278,Fri Jan 27 2012,8:00 pm,Washington Wizards,76,Houston Rockets,103,Box Score,,13894,
279,Fri Jan 27 2012,8:00 pm,New York Knicks,89,Miami Heat,99,Box Score,,19707,
280,Fri Jan 27 2012,8:00 pm,San Antonio Spurs,79,Minnesota Timberwolves,87,Box Score,,16699,
281,Fri Jan 27 2012,8:00 pm,Orlando Magic,67,New Orleans Hornets,93,Box Score,,16176,
282,Fri Jan 27 2012,7:00 pm,Charlotte Bobcats,72,Philadelphia 76ers,89,Box Score,,16199,
283,Fri Jan 27 2012,10:00 pm,Phoenix Suns,71,Portland Trail Blazers,109,Box Score,,20664,
284,Sat Jan 28 2012,7:00 pm,Washington Wizards,102,Charlotte Bobcats,99,Box Score,,17761,
285,Sat Jan 28 2012,8:00 pm,New York Knicks,84,Houston Rockets,97,Box Score,,18051,
286,Sat Jan 28 2012,8:30 pm,Los Angeles Lakers,89,Milwaukee Bucks,100,Box Score,,18027,
287,Sat Jan 28 2012,7:00 pm,Detroit Pistons,74,Philadelphia 76ers,95,Box Score,,18710,
288,Sat Jan 28 2012,9:00 pm,Memphis Grizzlies,84,Phoenix Suns,86,Box Score,,14903,
289,Sat Jan 28 2012,9:00 pm,Sacramento Kings,93,Utah Jazz,96,Box Score,,19911,
290,Sun Jan 29 2012,6:00 pm,Cleveland Cavaliers,88,Boston Celtics,87,Box Score,,18624,
291,Sun Jan 29 2012,6:30 pm,San Antonio Spurs,100,Dallas Mavericks,101,Box Score,OT,20262,
292,Sun Jan 29 2012,8:00 pm,Los Angeles Clippers,109,Denver Nuggets,105,Box Score,,19495,
293,Sun Jan 29 2012,3:30 pm,Chicago Bulls,93,Miami Heat,97,Box Score,,20054,
294,Sun Jan 29 2012,7:00 pm,Los Angeles Lakers,106,Minnesota Timberwolves,101,Box Score,,17551,
295,Sun Jan 29 2012,6:00 pm,Toronto Raptors,94,New Jersey Nets,73,Box Score,,14319,
296,Sun Jan 29 2012,7:00 pm,Atlanta Hawks,94,New Orleans Hornets,72,Box Score,,14962,
297,Sun Jan 29 2012,6:00 pm,Indiana Pacers,106,Orlando Magic,85,Box Score,,18846,
298,Mon Jan 30 2012,8:00 pm,Minnesota Timberwolves,120,Houston Rockets,108,Box Score,,14264,
299,Mon Jan 30 2012,10:30 pm,Oklahoma City Thunder,100,Los Angeles Clippers,112,Box Score,,19404,
300,Mon Jan 30 2012,8:00 pm,San Antonio Spurs,83,Memphis Grizzlies,73,Box Score,,15118,
301,Mon Jan 30 2012,7:30 pm,New Orleans Hornets,95,Miami Heat,109,Box Score,,19804,
302,Mon Jan 30 2012,8:00 pm,Detroit Pistons,82,Milwaukee Bucks,103,Box Score,,13103,
303,Mon Jan 30 2012,7:00 pm,Orlando Magic,69,Philadelphia 76ers,74,Box Score,,16299,
304,Mon Jan 30 2012,9:00 pm,Dallas Mavericks,122,Phoenix Suns,99,Box Score,,13132,
305,Mon Jan 30 2012,9:00 pm,Portland Trail Blazers,89,Utah Jazz,93,Box Score,,19328,
306,Mon Jan 30 2012,7:00 pm,Chicago Bulls,98,Washington Wizards,88,Box Score,,18357,
307,Tue Jan 31 2012,7:00 pm,Boston Celtics,93,Cleveland Cavaliers,90,Box Score,,14798,
308,Tue Jan 31 2012,10:30 pm,Sacramento Kings,90,Golden State Warriors,93,Box Score,,17753,
309,Tue Jan 31 2012,7:00 pm,New Jersey Nets,99,Indiana Pacers,106,Box Score,,11408,
310,Tue Jan 31 2012,10:30 pm,Charlotte Bobcats,73,Los Angeles Lakers,106,Box Score,,18997,
311,Tue Jan 31 2012,8:00 pm,Denver Nuggets,97,Memphis Grizzlies,100,Box Score,OT,13651,
312,Tue Jan 31 2012,7:30 pm,Detroit Pistons,86,New York Knicks,113,Box Score,,19763,
313,Tue Jan 31 2012,7:00 pm,Atlanta Hawks,100,Toronto Raptors,77,Box Score,,16117,
314,Wed Feb 1 2012,7:30 pm,Toronto Raptors,64,Boston Celtics,100,Box Score,,18624,
315,Wed Feb 1 2012,8:00 pm,Oklahoma City Thunder,95,Dallas Mavericks,86,Box Score,,20316,
316,Wed Feb 1 2012,8:00 pm,Miami Heat,97,Milwaukee Bucks,105,Box Score,,16116,
317,Wed Feb 1 2012,8:00 pm,Indiana Pacers,109,Minnesota Timberwolves,99,Box Score,,15017,
318,Wed Feb 1 2012,7:30 pm,Detroit Pistons,96,New Jersey Nets,99,Box Score,,10504,
319,Wed Feb 1 2012,8:00 pm,Phoenix Suns,120,New Orleans Hornets,103,Box Score,,13598,
320,Wed Feb 1 2012,7:00 pm,Washington Wizards,103,Orlando Magic,109,Box Score,,18846,
321,Wed Feb 1 2012,7:00 pm,Chicago Bulls,82,Philadelphia 76ers,98,Box Score,,18325,
322,Wed Feb 1 2012,10:00 pm,Charlotte Bobcats,68,Portland Trail Blazers,112,Box Score,,20608,
323,Wed Feb 1 2012,8:30 pm,Houston Rockets,91,San Antonio Spurs,99,Box Score,,18581,
324,Wed Feb 1 2012,10:30 pm,Los Angeles Clippers,107,Utah Jazz,105,Box Score,,19637,
325,Thu Feb 2 2012,7:30 pm,Memphis Grizzlies,96,Atlanta Hawks,77,Box Score,,14211,
326,Thu Feb 2 2012,10:30 pm,Utah Jazz,101,Golden State Warriors,119,Box Score,,18123,
327,Thu Feb 2 2012,10:30 pm,Denver Nuggets,112,Los Angeles Clippers,91,Box Score,,19223,
328,Thu Feb 2 2012,8:00 pm,Chicago Bulls,105,New York Knicks,102,Box Score,,19763,
329,Thu Feb 2 2012,10:00 pm,Portland Trail Blazers,92,Sacramento Kings,95,Box Score,,11740,
330,Thu Feb 2 2012,8:30 pm,New Orleans Hornets,81,San Antonio Spurs,93,Box Score,,18082,
331,Fri Feb 3 2012,8:00 pm,New York Knicks,89,Boston Celtics,91,Box Score,,18624,
332,Fri Feb 3 2012,8:30 pm,Indiana Pacers,98,Dallas Mavericks,87,Box Score,,20146,
333,Fri Feb 3 2012,10:30 pm,Los Angeles Lakers,93,Denver Nuggets,89,Box Score,,19155,
334,Fri Feb 3 2012,7:30 pm,Milwaukee Bucks,80,Detroit Pistons,88,Box Score,,13181,
335,Fri Feb 3 2012,8:00 pm,Phoenix Suns,81,Houston Rockets,99,Box Score,,15941,
336,Fri Feb 3 2012,7:30 pm,Minnesota Timberwolves,108,New Jersey Nets,105,Box Score,,15069,
337,Fri Feb 3 2012,8:00 pm,Memphis Grizzlies,94,Oklahoma City Thunder,101,Box Score,,18203,
338,Fri Feb 3 2012,7:00 pm,Cleveland Cavaliers,94,Orlando Magic,102,Box Score,,18933,
339,Fri Feb 3 2012,7:00 pm,Miami Heat,99,Philadelphia 76ers,79,Box Score,,20694,
340,Fri Feb 3 2012,7:00 pm,Washington Wizards,89,Toronto Raptors,106,Box Score,,16382,
341,Sat Feb 4 2012,7:00 pm,Philadelphia 76ers,98,Atlanta Hawks,87,Box Score,,18012,
342,Sat Feb 4 2012,7:30 pm,Dallas Mavericks,88,Cleveland Cavaliers,91,Box Score,,17443,
343,Sat Feb 4 2012,7:30 pm,New Orleans Hornets,87,Detroit Pistons,89,Box Score,,13174,
344,Sat Feb 4 2012,7:00 pm,Orlando Magic,85,Indiana Pacers,81,Box Score,,18165,
345,Sat Feb 4 2012,8:30 pm,Chicago Bulls,113,Milwaukee Bucks,90,Box Score,,18717,
346,Sat Feb 4 2012,8:00 pm,Houston Rockets,91,Minnesota Timberwolves,100,Box Score,,19356,
347,Sat Feb 4 2012,7:30 pm,New Jersey Nets,92,New York Knicks,99,Box Score,,19763,
348,Sat Feb 4 2012,9:00 pm,Charlotte Bobcats,89,Phoenix Suns,95,Box Score,,14928,
349,Sat Feb 4 2012,10:00 pm,Denver Nuggets,97,Portland Trail Blazers,117,Box Score,,20583,
350,Sat Feb 4 2012,10:00 pm,Golden State Warriors,106,Sacramento Kings,114,Box Score,OT,16411,
351,Sat Feb 4 2012,8:30 pm,Oklahoma City Thunder,96,San Antonio Spurs,107,Box Score,,18581,
352,Sat Feb 4 2012,9:00 pm,Los Angeles Lakers,87,Utah Jazz,96,Box Score,,19642,
353,Sat Feb 4 2012,7:00 pm,Los Angeles Clippers,107,Washington Wizards,81,Box Score,,19419,
354,Sun Feb 5 2012,12:00 pm,Memphis Grizzlies,80,Boston Celtics,98,Box Score,,18624,
355,Sun Feb 5 2012,1:00 pm,Toronto Raptors,89,Miami Heat,95,Box Score,,19802,
356,Mon Feb 6 2012,7:30 pm,Phoenix Suns,99,Atlanta Hawks,90,Box Score,,11823,
357,Mon Feb 6 2012,9:00 pm,Houston Rockets,99,Denver Nuggets,90,Box Score,,14501,
358,Mon Feb 6 2012,8:00 pm,San Antonio Spurs,89,Memphis Grizzlies,84,Box Score,,13527,
359,Mon Feb 6 2012,7:30 pm,Chicago Bulls,108,New Jersey Nets,87,Box Score,,15327,
360,Mon Feb 6 2012,8:00 pm,Sacramento Kings,100,New Orleans Hornets,92,Box Score,,13222,
361,Mon Feb 6 2012,7:30 pm,Utah Jazz,88,New York Knicks,99,Box Score,,19763,
362,Mon Feb 6 2012,7:00 pm,Los Angeles Clippers,107,Orlando Magic,102,Box Score,OT,18846,
363,Mon Feb 6 2012,7:00 pm,Los Angeles Lakers,90,Philadelphia 76ers,95,Box Score,,20064,
364,Mon Feb 6 2012,10:00 pm,Oklahoma City Thunder,111,Portland Trail Blazers,107,Box Score,OT,20559,
365,Mon Feb 6 2012,7:00 pm,Toronto Raptors,108,Washington Wizards,111,Box Score,OT,14687,
366,Tue Feb 7 2012,7:30 pm,Charlotte Bobcats,84,Boston Celtics,94,Box Score,,18624,
367,Tue Feb 7 2012,10:30 pm,Oklahoma City Thunder,119,Golden State Warriors,116,Box Score,,17971,
368,Tue Feb 7 2012,7:00 pm,Utah Jazz,99,Indiana Pacers,104,Box Score,,11006,
369,Tue Feb 7 2012,7:30 pm,Cleveland Cavaliers,91,Miami Heat,107,Box Score,,20078,
370,Tue Feb 7 2012,8:00 pm,Phoenix Suns,107,Milwaukee Bucks,105,Box Score,,13203,
371,Tue Feb 7 2012,8:00 pm,Sacramento Kings,84,Minnesota Timberwolves,86,Box Score,,14073,
372,Wed Feb 8 2012,7:30 pm,Indiana Pacers,87,Atlanta Hawks,97,Box Score,,16288,
373,Wed Feb 8 2012,7:00 pm,Los Angeles Clippers,92,Cleveland Cavaliers,99,Box Score,,17100,
374,Wed Feb 8 2012,9:00 pm,Dallas Mavericks,105,Denver Nuggets,95,Box Score,,15970,
375,Wed Feb 8 2012,8:00 pm,Minnesota Timberwolves,80,Memphis Grizzlies,85,Box Score,,13287,
376,Wed Feb 8 2012,7:30 pm,Detroit Pistons,99,New Jersey Nets,92,Box Score,,10145,
377,Wed Feb 8 2012,8:00 pm,Chicago Bulls,90,New Orleans Hornets,67,Box Score,,15456,
378,Wed Feb 8 2012,7:00 pm,Miami Heat,89,Orlando Magic,102,Box Score,,18972,
379,Wed Feb 8 2012,7:00 pm,San Antonio Spurs,100,Philadelphia 76ers,90,Box Score,,18070,
380,Wed Feb 8 2012,10:00 pm,Houston Rockets,103,Portland Trail Blazers,96,Box Score,,20350,
381,Wed Feb 8 2012,7:00 pm,Milwaukee Bucks,105,Toronto Raptors,99,Box Score,,15291,
382,Wed Feb 8 2012,7:00 pm,New York Knicks,107,Washington Wizards,93,Box Score,,17376,
383,Thu Feb 9 2012,8:00 pm,Los Angeles Lakers,88,Boston Celtics,87,Box Score,OT,18624,
384,Thu Feb 9 2012,9:00 pm,Golden State Warriors,109,Denver Nuggets,101,Box Score,,14960,
385,Thu Feb 9 2012,9:00 pm,Houston Rockets,96,Phoenix Suns,89,Box Score,,16122,
386,Thu Feb 9 2012,10:30 pm,Oklahoma City Thunder,101,Sacramento Kings,106,Box Score,,17317,
387,Fri Feb 10 2012,7:00 pm,Chicago Bulls,95,Charlotte Bobcats,64,Box Score,,19379,
388,Fri Feb 10 2012,7:30 pm,Milwaukee Bucks,113,Cleveland Cavaliers,112,Box Score,OT,15195,
389,Fri Feb 10 2012,7:30 pm,New Jersey Nets,92,Detroit Pistons,109,Box Score,,14320,
390,Fri Feb 10 2012,8:00 pm,Indiana Pacers,92,Memphis Grizzlies,98,Box Score,,16281,
391,Fri Feb 10 2012,8:00 pm,Dallas Mavericks,104,Minnesota Timberwolves,97,Box Score,,17119,
392,Fri Feb 10 2012,8:00 pm,Portland Trail Blazers,94,New Orleans Hornets,86,Box Score,,14421,
393,Fri Feb 10 2012,8:00 pm,Los Angeles Lakers,85,New York Knicks,92,Box Score,,19763,
394,Fri Feb 10 2012,7:00 pm,Atlanta Hawks,89,Orlando Magic,87,Box Score,OT,18846,
395,Fri Feb 10 2012,7:00 pm,Los Angeles Clippers,78,Philadelphia 76ers,77,Box Score,,20539,
396,Fri Feb 10 2012,7:00 pm,Boston Celtics,74,Toronto Raptors,86,Box Score,,19207,
397,Fri Feb 10 2012,10:30 pm,Oklahoma City Thunder,101,Utah Jazz,87,Box Score,,19911,
398,Fri Feb 10 2012,7:00 pm,Miami Heat,106,Washington Wizards,89,Box Score,,20282,
399,Sat Feb 11 2012,7:00 pm,Los Angeles Clippers,111,Charlotte Bobcats,86,Box Score,,19110,
400,Sat Feb 11 2012,7:30 pm,Philadelphia 76ers,99,Cleveland Cavaliers,84,Box Score,,17155,
401,Sat Feb 11 2012,8:30 pm,Portland Trail Blazers,94,Dallas Mavericks,97,Box Score,2OT,20457,
402,Sat Feb 11 2012,7:00 pm,Denver Nuggets,113,Indiana Pacers,109,Box Score,,15313,
403,Sat Feb 11 2012,9:00 pm,Orlando Magic,99,Milwaukee Bucks,94,Box Score,,17723,
404,Sat Feb 11 2012,8:00 pm,New York Knicks,100,Minnesota Timberwolves,98,Box Score,,20232,
405,Sat Feb 11 2012,8:00 pm,San Antonio Spurs,103,New Jersey Nets,89,Box Score,,15272,
406,Sat Feb 11 2012,10:00 pm,Phoenix Suns,98,Sacramento Kings,84,Box Score,,16964,
407,Sun Feb 12 2012,7:00 pm,Miami Heat,107,Atlanta Hawks,87,Box Score,,18371,
408,Sun Feb 12 2012,3:30 pm,Chicago Bulls,91,Boston Celtics,95,Box Score,,18624,
409,Sun Feb 12 2012,6:00 pm,Washington Wizards,98,Detroit Pistons,77,Box Score,,12654,
410,Sun Feb 12 2012,9:00 pm,Houston Rockets,97,Golden State Warriors,106,Box Score,,19596,
411,Sun Feb 12 2012,9:30 pm,Utah Jazz,98,Memphis Grizzlies,88,Box Score,,14424,
412,Sun Feb 12 2012,1:00 pm,Los Angeles Lakers,94,Toronto Raptors,92,Box Score,,19311,
413,Mon Feb 13 2012,7:00 pm,Philadelphia 76ers,98,Charlotte Bobcats,89,Box Score,,13773,
414,Mon Feb 13 2012,8:30 pm,Los Angeles Clippers,92,Dallas Mavericks,96,Box Score,,20436,
415,Mon Feb 13 2012,10:30 pm,Phoenix Suns,96,Golden State Warriors,102,Box Score,,19106,
416,Mon Feb 13 2012,8:00 pm,Miami Heat,114,Milwaukee Bucks,96,Box Score,,16749,
417,Mon Feb 13 2012,8:00 pm,Utah Jazz,80,New Orleans Hornets,86,Box Score,,13562,
418,Mon Feb 13 2012,7:00 pm,Minnesota Timberwolves,89,Orlando Magic,102,Box Score,,18846,
419,Tue Feb 14 2012,8:00 pm,Sacramento Kings,115,Chicago Bulls,121,Box Score,,21936,
420,Tue Feb 14 2012,9:00 pm,Phoenix Suns,92,Denver Nuggets,109,Box Score,,17873,
421,Tue Feb 14 2012,7:30 pm,San Antonio Spurs,99,Detroit Pistons,95,Box Score,,11533,
422,Tue Feb 14 2012,7:00 pm,Miami Heat,105,Indiana Pacers,90,Box Score,,18165,
423,Tue Feb 14 2012,10:30 pm,Atlanta Hawks,78,Los Angeles Lakers,86,Box Score,,18997,
424,Tue Feb 14 2012,8:00 pm,Houston Rockets,83,Memphis Grizzlies,93,Box Score,,13042,
425,Tue Feb 14 2012,8:00 pm,Utah Jazz,85,Oklahoma City Thunder,111,Box Score,,18203,
426,Tue Feb 14 2012,10:00 pm,Washington Wizards,124,Portland Trail Blazers,109,Box Score,,20558,
427,Tue Feb 14 2012,7:00 pm,New York Knicks,90,Toronto Raptors,87,Box Score,,20092,
428,Wed Feb 15 2012,7:30 pm,Detroit Pistons,98,Boston Celtics,88,Box Score,,18624,
429,Wed Feb 15 2012,7:30 pm,Indiana Pacers,87,Cleveland Cavaliers,98,Box Score,,12712,
430,Wed Feb 15 2012,8:30 pm,Denver Nuggets,84,Dallas Mavericks,102,Box Score,,20075,
431,Wed Feb 15 2012,10:00 pm,Portland Trail Blazers,93,Golden State Warriors,91,Box Score,,17934,
432,Wed Feb 15 2012,8:00 pm,Oklahoma City Thunder,95,Houston Rockets,96,Box Score,,18274,
433,Wed Feb 15 2012,10:30 pm,Washington Wizards,84,Los Angeles Clippers,102,Box Score,,19135,
434,Wed Feb 15 2012,8:00 pm,New Orleans Hornets,92,Milwaukee Bucks,89,Box Score,,12829,
435,Wed Feb 15 2012,8:00 pm,Charlotte Bobcats,90,Minnesota Timberwolves,102,Box Score,,15139,
436,Wed Feb 15 2012,7:30 pm,Memphis Grizzlies,105,New Jersey Nets,100,Box Score,,10885,
437,Wed Feb 15 2012,7:30 pm,Sacramento Kings,85,New York Knicks,100,Box Score,,19763,
438,Wed Feb 15 2012,7:00 pm,Philadelphia 76ers,87,Orlando Magic,103,Box Score,,18846,
439,Wed Feb 15 2012,9:00 pm,Atlanta Hawks,101,Phoenix Suns,99,Box Score,,15392,
440,Wed Feb 15 2012,7:00 pm,San Antonio Spurs,113,Toronto Raptors,106,Box Score,,15999,
441,Thu Feb 16 2012,8:00 pm,Boston Celtics,80,Chicago Bulls,89,Box Score,,22592,
442,Thu Feb 16 2012,7:00 pm,New Jersey Nets,88,Indiana Pacers,93,Box Score,,11117,
443,Thu Feb 16 2012,10:30 pm,Los Angeles Clippers,74,Portland Trail Blazers,71,Box Score,,20665,
444,Fri Feb 17 2012,7:30 pm,Miami Heat,111,Cleveland Cavaliers,87,Box Score,,20562,
445,Fri Feb 17 2012,7:30 pm,Sacramento Kings,108,Detroit Pistons,114,Box Score,,14686,
446,Fri Feb 17 2012,8:00 pm,Minnesota Timberwolves,111,Houston Rockets,98,Box Score,,16836,
447,Fri Feb 17 2012,10:30 pm,Phoenix Suns,99,Los Angeles Lakers,111,Box Score,,18997,
448,Fri Feb 17 2012,8:00 pm,Denver Nuggets,102,Memphis Grizzlies,103,Box Score,,15201,
449,Fri Feb 17 2012,8:00 pm,New Orleans Hornets,89,New York Knicks,85,Box Score,,19763,
450,Fri Feb 17 2012,8:00 pm,Golden State Warriors,87,Oklahoma City Thunder,110,Box Score,,18203,
451,Fri Feb 17 2012,7:00 pm,Milwaukee Bucks,85,Orlando Magic,94,Box Score,,18846,
452,Fri Feb 17 2012,8:00 pm,Dallas Mavericks,82,Philadelphia 76ers,75,Box Score,,19369,
453,Fri Feb 17 2012,7:00 pm,Charlotte Bobcats,98,Toronto Raptors,91,Box Score,,15575,
454,Fri Feb 17 2012,9:00 pm,Washington Wizards,100,Utah Jazz,114,Box Score,,18719,
455,Sat Feb 18 2012,4:00 pm,New Jersey Nets,97,Chicago Bulls,85,Box Score,,22300,
456,Sat Feb 18 2012,3:30 pm,San Antonio Spurs,103,Los Angeles Clippers,100,Box Score,OT,19217,
457,Sat Feb 18 2012,8:00 pm,Golden State Warriors,103,Memphis Grizzlies,104,Box Score,,17151,
458,Sat Feb 18 2012,10:00 pm,Atlanta Hawks,77,Portland Trail Blazers,97,Box Score,,20635,
459,Sun Feb 19 2012,6:00 pm,Sacramento Kings,92,Cleveland Cavaliers,93,Box Score,,16812,
460,Sun Feb 19 2012,6:00 pm,Boston Celtics,81,Detroit Pistons,96,Box Score,,22076,
461,Sun Feb 19 2012,7:00 pm,Utah Jazz,85,Houston Rockets,101,Box Score,,16764,
462,Sun Feb 19 2012,6:00 pm,Charlotte Bobcats,73,Indiana Pacers,108,Box Score,,11673,
463,Sun Feb 19 2012,3:30 pm,Orlando Magic,78,Miami Heat,90,Box Score,,20185,
464,Sun Feb 19 2012,7:00 pm,Philadelphia 76ers,91,Minnesota Timberwolves,92,Box Score,,18759,
465,Sun Feb 19 2012,7:00 pm,Milwaukee Bucks,92,New Jersey Nets,85,Box Score,,15262,
466,Sun Feb 19 2012,1:00 pm,Dallas Mavericks,97,New York Knicks,104,Box Score,,19763,
467,Sun Feb 19 2012,8:00 pm,Denver Nuggets,118,Oklahoma City Thunder,124,Box Score,OT,18203,
468,Sun Feb 19 2012,8:00 pm,Los Angeles Lakers,90,Phoenix Suns,102,Box Score,,18023,
469,Mon Feb 20 2012,4:00 pm,Atlanta Hawks,79,Chicago Bulls,90,Box Score,,22033,
470,Mon Feb 20 2012,8:00 pm,Boston Celtics,73,Dallas Mavericks,89,Box Score,,20364,
471,Mon Feb 20 2012,9:00 pm,Minnesota Timberwolves,101,Denver Nuggets,103,Box Score,OT,17263,
472,Mon Feb 20 2012,10:30 pm,Los Angeles Clippers,97,Golden State Warriors,104,Box Score,,19596,
473,Mon Feb 20 2012,8:00 pm,Memphis Grizzlies,93,Houston Rockets,97,Box Score,,12525,
474,Mon Feb 20 2012,10:30 pm,Portland Trail Blazers,92,Los Angeles Lakers,103,Box Score,,18997,
475,Mon Feb 20 2012,8:00 pm,Orlando Magic,93,Milwaukee Bucks,90,Box Score,,13143,
476,Mon Feb 20 2012,7:30 pm,New Jersey Nets,100,New York Knicks,92,Box Score,,19763,
477,Mon Feb 20 2012,8:00 pm,New Orleans Hornets,93,Oklahoma City Thunder,101,Box Score,,18203,
478,Mon Feb 20 2012,9:00 pm,Washington Wizards,88,Phoenix Suns,104,Box Score,,13921,
479,Mon Feb 20 2012,9:00 pm,San Antonio Spurs,106,Utah Jazz,102,Box Score,,19105,
480,Tue Feb 21 2012,7:00 pm,Detroit Pistons,100,Cleveland Cavaliers,101,Box Score,,13459,
481,Tue Feb 21 2012,7:00 pm,New Orleans Hornets,108,Indiana Pacers,117,Box Score,OT,10508,
482,Tue Feb 21 2012,8:00 pm,Philadelphia 76ers,76,Memphis Grizzlies,89,Box Score,,14258,
483,Tue Feb 21 2012,7:30 pm,Sacramento Kings,108,Miami Heat,120,Box Score,,20068,
484,Tue Feb 21 2012,10:00 pm,San Antonio Spurs,97,Portland Trail Blazers,137,Box Score,,20567,
485,Wed Feb 22 2012,7:00 pm,Indiana Pacers,102,Charlotte Bobcats,88,Box Score,,13458,
486,Wed Feb 22 2012,8:00 pm,Milwaukee Bucks,91,Chicago Bulls,110,Box Score,,21507,
487,Wed Feb 22 2012,7:00 pm,New Orleans Hornets,89,Cleveland Cavaliers,84,Box Score,,13529,
488,Wed Feb 22 2012,9:30 pm,Los Angeles Lakers,96,Dallas Mavericks,91,Box Score,,20577,
489,Wed Feb 22 2012,8:00 pm,Philadelphia 76ers,87,Houston Rockets,93,Box Score,,12820,
490,Wed Feb 22 2012,10:30 pm,Denver Nuggets,95,Los Angeles Clippers,103,Box Score,,19163,
491,Wed Feb 22 2012,8:00 pm,Utah Jazz,98,Minnesota Timberwolves,100,Box Score,,18776,
492,Wed Feb 22 2012,7:30 pm,Orlando Magic,108,New Jersey Nets,91,Box Score,,15364,
493,Wed Feb 22 2012,7:30 pm,Atlanta Hawks,82,New York Knicks,99,Box Score,,19763,
494,Wed Feb 22 2012,7:00 pm,Boston Celtics,104,Oklahoma City Thunder,119,Box Score,,18203,
495,Wed Feb 22 2012,9:00 pm,Golden State Warriors,106,Phoenix Suns,104,Box Score,,14558,
496,Wed Feb 22 2012,7:00 pm,Detroit Pistons,93,Toronto Raptors,103,Box Score,,17125,
497,Wed Feb 22 2012,7:00 pm,Sacramento Kings,115,Washington Wizards,107,Box Score,,17085,
498,Thu Feb 23 2012,7:30 pm,Orlando Magic,78,Atlanta Hawks,83,Box Score,,14523,
499,Thu Feb 23 2012,9:00 pm,San Antonio Spurs,114,Denver Nuggets,99,Box Score,,18875,
500,Thu Feb 23 2012,7:00 pm,New York Knicks,88,Miami Heat,102,Box Score,,20197,
501,Thu Feb 23 2012,9:30 pm,Los Angeles Lakers,85,Oklahoma City Thunder,100,Box Score,,18203,
502,Tue Feb 28 2012,8:00 pm,New Orleans Hornets,95,Chicago Bulls,99,Box Score,,21919,
503,Tue Feb 28 2012,7:00 pm,Boston Celtics,86,Cleveland Cavaliers,83,Box Score,,15971,
504,Tue Feb 28 2012,8:30 pm,New Jersey Nets,93,Dallas Mavericks,92,Box Score,,20170,
505,Tue Feb 28 2012,7:30 pm,Philadelphia 76ers,97,Detroit Pistons,68,Box Score,,11916,
506,Tue Feb 28 2012,8:00 pm,Toronto Raptors,85,Houston Rockets,88,Box Score,,13337,
507,Tue Feb 28 2012,7:00 pm,Golden State Warriors,78,Indiana Pacers,102,Box Score,,12111,
508,Tue Feb 28 2012,10:30 pm,Minnesota Timberwolves,109,Los Angeles Clippers,97,Box Score,,19243,
509,Tue Feb 28 2012,8:00 pm,Washington Wizards,118,Milwaukee Bucks,119,Box Score,,13548,
510,Tue Feb 28 2012,10:00 pm,Utah Jazz,96,Sacramento Kings,103,Box Score,,13896,
511,Wed Feb 29 2012,7:30 pm,Golden State Warriors,85,Atlanta Hawks,82,Box Score,,13049,
512,Wed Feb 29 2012,7:30 pm,Milwaukee Bucks,96,Boston Celtics,102,Box Score,,18624,
513,Wed Feb 29 2012,9:00 pm,Portland Trail Blazers,95,Denver Nuggets,104,Box Score,,15715,
514,Wed Feb 29 2012,7:30 pm,Charlotte Bobcats,94,Detroit Pistons,109,Box Score,,14534,
515,Wed Feb 29 2012,10:30 pm,Minnesota Timberwolves,85,Los Angeles Lakers,104,Box Score,,18997,
516,Wed Feb 29 2012,8:00 pm,Dallas Mavericks,85,Memphis Grizzlies,96,Box Score,,17023,
517,Wed Feb 29 2012,8:00 pm,Toronto Raptors,95,New Orleans Hornets,84,Box Score,,14527,
518,Wed Feb 29 2012,7:30 pm,Cleveland Cavaliers,103,New York Knicks,120,Box Score,,19763,
519,Wed Feb 29 2012,7:00 pm,Oklahoma City Thunder,92,Philadelphia 76ers,88,Box Score,,19746,
520,Wed Feb 29 2012,9:00 pm,Chicago Bulls,96,San Antonio Spurs,89,Box Score,,18581,
521,Wed Feb 29 2012,9:00 pm,Houston Rockets,83,Utah Jazz,104,Box Score,,18816,
522,Wed Feb 29 2012,7:00 pm,Orlando Magic,102,Washington Wizards,95,Box Score,,18688,
523,Thu Mar 1 2012,8:00 pm,Oklahoma City Thunder,105,Orlando Magic,102,Box Score,,18846,
524,Thu Mar 1 2012,9:00 pm,Minnesota Timberwolves,95,Phoenix Suns,104,Box Score,,15071,
525,Thu Mar 1 2012,10:30 pm,Miami Heat,107,Portland Trail Blazers,93,Box Score,,20597,
526,Thu Mar 1 2012,10:00 pm,Los Angeles Clippers,108,Sacramento Kings,100,Box Score,,15512,
527,Fri Mar 2 2012,7:30 pm,Milwaukee Bucks,94,Atlanta Hawks,99,Box Score,,13311,
528,Fri Mar 2 2012,7:30 pm,New Jersey Nets,94,Boston Celtics,107,Box Score,,18624,
529,Fri Mar 2 2012,7:30 pm,Chicago Bulls,112,Cleveland Cavaliers,91,Box Score,,20562,
530,Fri Mar 2 2012,8:00 pm,Denver Nuggets,117,Houston Rockets,105,Box Score,,16879,
531,Fri Mar 2 2012,10:30 pm,Sacramento Kings,107,Los Angeles Lakers,115,Box Score,,18997,
532,Fri Mar 2 2012,8:00 pm,Dallas Mavericks,92,New Orleans Hornets,97,Box Score,,15568,
533,Fri Mar 2 2012,8:00 pm,Golden State Warriors,83,Philadelphia 76ers,105,Box Score,,18323,
534,Fri Mar 2 2012,10:30 pm,Los Angeles Clippers,78,Phoenix Suns,81,Box Score,,18091,
535,Fri Mar 2 2012,8:30 pm,Charlotte Bobcats,72,San Antonio Spurs,102,Box Score,,18581,
536,Fri Mar 2 2012,7:00 pm,Memphis Grizzlies,102,Toronto Raptors,99,Box Score,,17168,
537,Fri Mar 2 2012,9:00 pm,Miami Heat,98,Utah Jazz,99,Box Score,,19911,
538,Sat Mar 3 2012,7:00 pm,Oklahoma City Thunder,90,Atlanta Hawks,97,Box Score,,18087,
539,Sat Mar 3 2012,8:30 pm,Utah Jazz,96,Dallas Mavericks,102,Box Score,,20560,
540,Sat Mar 3 2012,8:00 pm,Detroit Pistons,83,Memphis Grizzlies,100,Box Score,,17569,
541,Sat Mar 3 2012,8:00 pm,Indiana Pacers,102,New Orleans Hornets,84,Box Score,,16379,
542,Sat Mar 3 2012,7:00 pm,Milwaukee Bucks,98,Orlando Magic,114,Box Score,,18846,
543,Sat Mar 3 2012,10:00 pm,Minnesota Timberwolves,122,Portland Trail Blazers,110,Box Score,,20644,
544,Sat Mar 3 2012,7:00 pm,Cleveland Cavaliers,98,Washington Wizards,101,Box Score,,17759,
545,Sun Mar 4 2012,1:00 pm,New York Knicks,111,Boston Celtics,115,Box Score,OT,18624,
546,Sun Mar 4 2012,6:00 pm,New Jersey Nets,104,Charlotte Bobcats,101,Box Score,,13564,
547,Sun Mar 4 2012,7:00 pm,Los Angeles Clippers,105,Houston Rockets,103,Box Score,OT,16646,
548,Sun Mar 4 2012,3:30 pm,Miami Heat,83,Los Angeles Lakers,93,Box Score,,18997,
549,Sun Mar 4 2012,7:00 pm,Chicago Bulls,96,Philadelphia 76ers,91,Box Score,,19683,
550,Sun Mar 4 2012,8:00 pm,Sacramento Kings,88,Phoenix Suns,96,Box Score,,15026,
551,Sun Mar 4 2012,9:30 pm,Denver Nuggets,99,San Antonio Spurs,94,Box Score,,18581,
552,Sun Mar 4 2012,6:00 pm,Golden State Warriors,75,Toronto Raptors,83,Box Score,,18056,
553,Mon Mar 5 2012,8:00 pm,Indiana Pacers,72,Chicago Bulls,92,Box Score,,22106,
554,Mon Mar 5 2012,7:00 pm,Utah Jazz,109,Cleveland Cavaliers,100,Box Score,,13190,
555,Mon Mar 5 2012,9:00 pm,Sacramento Kings,116,Denver Nuggets,119,Box Score,OT,14823,
556,Mon Mar 5 2012,8:00 pm,Philadelphia 76ers,93,Milwaukee Bucks,97,Box Score,,12315,
557,Mon Mar 5 2012,8:00 pm,Los Angeles Clippers,94,Minnesota Timberwolves,95,Box Score,,19509,
558,Mon Mar 5 2012,8:00 pm,Dallas Mavericks,91,Oklahoma City Thunder,95,Box Score,,18203,
559,Mon Mar 5 2012,10:00 pm,New Orleans Hornets,74,Portland Trail Blazers,86,Box Score,,20520,
560,Mon Mar 5 2012,7:00 pm,Orlando Magic,92,Toronto Raptors,88,Box Score,,15392,
561,Mon Mar 5 2012,7:00 pm,Golden State Warriors,120,Washington Wizards,100,Box Score,,17843,
562,Tue Mar 6 2012,7:30 pm,Houston Rockets,92,Boston Celtics,97,Box Score,OT,18624,
563,Tue Mar 6 2012,7:00 pm,Orlando Magic,84,Charlotte Bobcats,100,Box Score,,13110,
564,Tue Mar 6 2012,8:30 pm,New York Knicks,85,Dallas Mavericks,95,Box Score,,20605,
565,Tue Mar 6 2012,7:30 pm,Los Angeles Lakers,85,Detroit Pistons,88,Box Score,OT,22076,
566,Tue Mar 6 2012,7:00 pm,Atlanta Hawks,101,Indiana Pacers,96,Box Score,,11393,
567,Tue Mar 6 2012,7:30 pm,New Jersey Nets,78,Miami Heat,108,Box Score,,19600,
568,Wed Mar 7 2012,7:00 pm,Utah Jazz,99,Charlotte Bobcats,93,Box Score,,10891,
569,Wed Mar 7 2012,9:00 pm,Cleveland Cavaliers,100,Denver Nuggets,99,Box Score,,15816,
570,Wed Mar 7 2012,10:30 pm,Memphis Grizzlies,110,Golden State Warriors,92,Box Score,,19171,
571,Wed Mar 7 2012,7:30 pm,Atlanta Hawks,86,Miami Heat,89,Box Score,,20018,
572,Wed Mar 7 2012,8:00 pm,Chicago Bulls,106,Milwaukee Bucks,104,Box Score,,15389,
573,Wed Mar 7 2012,8:00 pm,Portland Trail Blazers,94,Minnesota Timberwolves,106,Box Score,,17118,
574,Wed Mar 7 2012,8:00 pm,Los Angeles Clippers,100,New Jersey Nets,101,Box Score,,18711,
575,Wed Mar 7 2012,8:00 pm,Phoenix Suns,104,Oklahoma City Thunder,115,Box Score,,18203,
576,Wed Mar 7 2012,7:00 pm,Boston Celtics,71,Philadelphia 76ers,103,Box Score,,18508,
577,Wed Mar 7 2012,10:00 pm,New Orleans Hornets,98,Sacramento Kings,99,Box Score,,13487,
578,Wed Mar 7 2012,8:30 pm,New York Knicks,105,San Antonio Spurs,118,Box Score,,18581,
579,Wed Mar 7 2012,7:00 pm,Houston Rockets,98,Toronto Raptors,116,Box Score,,14597,
580,Wed Mar 7 2012,7:00 pm,Los Angeles Lakers,101,Washington Wizards,106,Box Score,,20282,
581,Thu Mar 8 2012,8:00 pm,Orlando Magic,99,Chicago Bulls,94,Box Score,,22127,
582,Thu Mar 8 2012,10:30 pm,Dallas Mavericks,94,Phoenix Suns,96,Box Score,,15498,
583,Fri Mar 9 2012,7:30 pm,Portland Trail Blazers,86,Boston Celtics,104,Box Score,,18624,
584,Fri Mar 9 2012,7:00 pm,New Jersey Nets,83,Charlotte Bobcats,74,Box Score,,14672,
585,Fri Mar 9 2012,9:00 pm,New Orleans Hornets,97,Denver Nuggets,110,Box Score,,19155,
586,Fri Mar 9 2012,7:30 pm,Atlanta Hawks,85,Detroit Pistons,86,Box Score,,15503,
587,Fri Mar 9 2012,8:30 pm,New York Knicks,114,Milwaukee Bucks,119,Box Score,,18717,
588,Fri Mar 9 2012,8:00 pm,Los Angeles Lakers,105,Minnesota Timberwolves,102,Box Score,,20164,
589,Fri Mar 9 2012,8:00 pm,Cleveland Cavaliers,96,Oklahoma City Thunder,90,Box Score,,18203,
590,Fri Mar 9 2012,7:00 pm,Utah Jazz,91,Philadelphia 76ers,104,Box Score,,18512,
591,Fri Mar 9 2012,10:00 pm,Dallas Mavericks,97,Sacramento Kings,110,Box Score,,16857,
592,Fri Mar 9 2012,8:30 pm,Los Angeles Clippers,120,San Antonio Spurs,108,Box Score,,18581,
593,Sat Mar 10 2012,8:00 pm,Utah Jazz,97,Chicago Bulls,111,Box Score,,22158,
594,Sat Mar 10 2012,7:30 pm,Toronto Raptors,86,Detroit Pistons,105,Box Score,,16090,
595,Sat Mar 10 2012,10:30 pm,Dallas Mavericks,87,Golden State Warriors,111,Box Score,,19596,
596,Sat Mar 10 2012,7:30 pm,Indiana Pacers,91,Miami Heat,93,Box Score,OT,20154,
597,Sat Mar 10 2012,8:00 pm,New Orleans Hornets,95,Minnesota Timberwolves,89,Box Score,,20123,
598,Sat Mar 10 2012,8:00 pm,Houston Rockets,112,New Jersey Nets,106,Box Score,,14834,
599,Sat Mar 10 2012,8:00 pm,Charlotte Bobcats,95,Oklahoma City Thunder,122,Box Score,,18203,
600,Sat Mar 10 2012,9:00 pm,Memphis Grizzlies,91,Phoenix Suns,98,Box Score,,16350,
601,Sat Mar 10 2012,7:00 pm,Portland Trail Blazers,110,Washington Wizards,99,Box Score,,18071,
602,Sun Mar 11 2012,6:00 pm,Houston Rockets,107,Cleveland Cavaliers,118,Box Score,,17662,
603,Sun Mar 11 2012,8:00 pm,Memphis Grizzlies,94,Denver Nuggets,91,Box Score,,17737,
604,Sun Mar 11 2012,9:30 pm,Golden State Warriors,97,Los Angeles Clippers,93,Box Score,,19183,
605,Sun Mar 11 2012,3:30 pm,Boston Celtics,94,Los Angeles Lakers,97,Box Score,,18997,
606,Sun Mar 11 2012,12:00 pm,Philadelphia 76ers,106,New York Knicks,94,Box Score,,19763,
607,Sun Mar 11 2012,6:00 pm,Indiana Pacers,94,Orlando Magic,107,Box Score,,18846,
608,Sun Mar 11 2012,9:00 pm,Atlanta Hawks,106,Sacramento Kings,99,Box Score,,13976,
609,Sun Mar 11 2012,6:00 pm,Milwaukee Bucks,105,Toronto Raptors,99,Box Score,,17316,
610,Mon Mar 12 2012,8:00 pm,New York Knicks,99,Chicago Bulls,104,Box Score,,22863,
611,Mon Mar 12 2012,10:30 pm,Boston Celtics,94,Los Angeles Clippers,85,Box Score,,19464,
612,Mon Mar 12 2012,7:30 pm,Milwaukee Bucks,105,New Jersey Nets,99,Box Score,,12930,
613,Mon Mar 12 2012,8:00 pm,Charlotte Bobcats,73,New Orleans Hornets,71,Box Score,,15254,
614,Mon Mar 12 2012,10:00 pm,Minnesota Timberwolves,127,Phoenix Suns,124,Box Score,,14568,
615,Mon Mar 12 2012,8:30 pm,Washington Wizards,97,San Antonio Spurs,112,Box Score,,18581,
616,Mon Mar 12 2012,9:00 pm,Detroit Pistons,90,Utah Jazz,105,Box Score,,19393,
617,Tue Mar 13 2012,7:00 pm,Toronto Raptors,96,Cleveland Cavaliers,88,Box Score,,14203,
618,Tue Mar 13 2012,8:30 pm,Washington Wizards,98,Dallas Mavericks,107,Box Score,,20319,
619,Tue Mar 13 2012,9:00 pm,Atlanta Hawks,117,Denver Nuggets,118,Box Score,OT,15594,
620,Tue Mar 13 2012,7:00 pm,Portland Trail Blazers,75,Indiana Pacers,92,Box Score,,10933,
621,Tue Mar 13 2012,8:00 pm,Los Angeles Lakers,116,Memphis Grizzlies,111,Box Score,2OT,18119,
622,Tue Mar 13 2012,8:00 pm,Houston Rockets,104,Oklahoma City Thunder,103,Box Score,,18203,
623,Tue Mar 13 2012,7:00 pm,Miami Heat,98,Orlando Magic,104,Box Score,OT,18879,
624,Tue Mar 13 2012,10:00 pm,Golden State Warriors,115,Sacramento Kings,89,Box Score,,12011,
625,Wed Mar 14 2012,9:30 pm,Miami Heat,102,Chicago Bulls,106,Box Score,,23028,
626,Wed Mar 14 2012,10:30 pm,Boston Celtics,105,Golden State Warriors,103,Box Score,,19596,
627,Wed Mar 14 2012,8:00 pm,Charlotte Bobcats,87,Houston Rockets,107,Box Score,,18128,
628,Wed Mar 14 2012,7:00 pm,Philadelphia 76ers,94,Indiana Pacers,111,Box Score,,13081,
629,Wed Mar 14 2012,10:30 pm,Atlanta Hawks,82,Los Angeles Clippers,96,Box Score,,19060,
630,Wed Mar 14 2012,8:00 pm,Cleveland Cavaliers,105,Milwaukee Bucks,115,Box Score,,15319,
631,Wed Mar 14 2012,7:30 pm,Toronto Raptors,84,New Jersey Nets,98,Box Score,,10701,
632,Wed Mar 14 2012,8:00 pm,Los Angeles Lakers,107,New Orleans Hornets,101,Box Score,OT,17272,
633,Wed Mar 14 2012,7:30 pm,Portland Trail Blazers,79,New York Knicks,121,Box Score,,19763,
634,Wed Mar 14 2012,10:30 pm,Utah Jazz,111,Phoenix Suns,120,Box Score,,14076,
635,Wed Mar 14 2012,10:00 pm,Detroit Pistons,124,Sacramento Kings,112,Box Score,,12173,
636,Wed Mar 14 2012,8:30 pm,Orlando Magic,111,San Antonio Spurs,122,Box Score,,18581,
637,Thu Mar 15 2012,8:30 pm,Charlotte Bobcats,96,Dallas Mavericks,101,Box Score,,20507,
638,Thu Mar 15 2012,9:00 pm,Oklahoma City Thunder,103,Denver Nuggets,90,Box Score,,18458,
639,Thu Mar 15 2012,10:30 pm,Phoenix Suns,91,Los Angeles Clippers,87,Box Score,,19060,
640,Thu Mar 15 2012,8:00 pm,Washington Wizards,99,New Orleans Hornets,89,Box Score,,14256,
641,Thu Mar 15 2012,9:00 pm,Minnesota Timberwolves,105,Utah Jazz,111,Box Score,OT,18053,
642,Fri Mar 16 2012,7:30 pm,Washington Wizards,88,Atlanta Hawks,102,Box Score,,15241,
643,Fri Mar 16 2012,8:00 pm,Portland Trail Blazers,100,Chicago Bulls,89,Box Score,,22022,
644,Fri Mar 16 2012,10:30 pm,Milwaukee Bucks,120,Golden State Warriors,98,Box Score,,19596,
645,Fri Mar 16 2012,10:30 pm,Minnesota Timberwolves,92,Los Angeles Lakers,97,Box Score,,18997,
646,Fri Mar 16 2012,8:00 pm,Toronto Raptors,114,Memphis Grizzlies,110,Box Score,OT,17239,
647,Fri Mar 16 2012,7:30 pm,Indiana Pacers,100,New York Knicks,115,Box Score,,19763,
648,Fri Mar 16 2012,9:30 pm,San Antonio Spurs,114,Oklahoma City Thunder,105,Box Score,,18203,
649,Fri Mar 16 2012,7:00 pm,New Jersey Nets,70,Orlando Magic,86,Box Score,,18938,
650,Fri Mar 16 2012,7:00 pm,Miami Heat,84,Philadelphia 76ers,78,Box Score,,20396,
651,Fri Mar 16 2012,10:00 pm,Detroit Pistons,101,Phoenix Suns,109,Box Score,,17148,
652,Fri Mar 16 2012,10:00 pm,Boston Celtics,95,Sacramento Kings,120,Box Score,,17317,
653,Sat Mar 17 2012,7:00 pm,Toronto Raptors,103,Charlotte Bobcats,107,Box Score,,15108,
654,Sat Mar 17 2012,8:00 pm,Philadelphia 76ers,80,Chicago Bulls,89,Box Score,,22225,
655,Sat Mar 17 2012,9:00 pm,San Antonio Spurs,99,Dallas Mavericks,106,Box Score,,20528,
656,Sat Mar 17 2012,9:00 pm,Boston Celtics,91,Denver Nuggets,98,Box Score,,19003,
657,Sat Mar 17 2012,7:00 pm,New York Knicks,102,Indiana Pacers,88,Box Score,,18165,
658,Sat Mar 17 2012,3:30 pm,Houston Rockets,91,Los Angeles Clippers,95,Box Score,,19060,
659,Sat Mar 17 2012,8:00 pm,New Orleans Hornets,102,New Jersey Nets,94,Box Score,,11271,
660,Sat Mar 17 2012,9:00 pm,Golden State Warriors,92,Utah Jazz,99,Box Score,OT,17854,
661,Sun Mar 18 2012,3:00 pm,Atlanta Hawks,103,Cleveland Cavaliers,87,Box Score,,15645,
662,Sun Mar 18 2012,3:30 pm,Detroit Pistons,83,Los Angeles Clippers,87,Box Score,OT,19060,
663,Sun Mar 18 2012,9:30 pm,Utah Jazz,103,Los Angeles Lakers,99,Box Score,,18997,
664,Sun Mar 18 2012,6:00 pm,Washington Wizards,92,Memphis Grizzlies,97,Box Score,,15412,
665,Sun Mar 18 2012,7:00 pm,Orlando Magic,81,Miami Heat,91,Box Score,,20003,
666,Sun Mar 18 2012,9:30 pm,Portland Trail Blazers,95,Oklahoma City Thunder,111,Box Score,,18203,
667,Sun Mar 18 2012,9:00 pm,Houston Rockets,86,Phoenix Suns,99,Box Score,,15645,
668,Sun Mar 18 2012,6:00 pm,Minnesota Timberwolves,99,Sacramento Kings,115,Box Score,,15616,
669,Mon Mar 19 2012,7:30 pm,Boston Celtics,79,Atlanta Hawks,76,Box Score,,16412,
670,Mon Mar 19 2012,7:00 pm,Philadelphia 76ers,105,Charlotte Bobcats,80,Box Score,,12792,
671,Mon Mar 19 2012,10:30 pm,Dallas Mavericks,112,Denver Nuggets,95,Box Score,,16683,
672,Mon Mar 19 2012,10:30 pm,Minnesota Timberwolves,97,Golden State Warriors,93,Box Score,,19596,
673,Mon Mar 19 2012,7:30 pm,Cleveland Cavaliers,105,New Jersey Nets,100,Box Score,,11254,
674,Mon Mar 19 2012,8:00 pm,Chicago Bulls,85,Orlando Magic,59,Box Score,,18998,
675,Tue Mar 20 2012,8:00 pm,Los Angeles Lakers,104,Houston Rockets,107,Box Score,,18391,
676,Tue Mar 20 2012,7:00 pm,Los Angeles Clippers,89,Indiana Pacers,102,Box Score,,14901,
677,Tue Mar 20 2012,7:30 pm,Phoenix Suns,95,Miami Heat,99,Box Score,,20212,
678,Tue Mar 20 2012,7:30 pm,Toronto Raptors,87,New York Knicks,106,Box Score,,19763,
679,Tue Mar 20 2012,10:00 pm,Milwaukee Bucks,116,Portland Trail Blazers,87,Box Score,,20387,
680,Tue Mar 20 2012,10:00 pm,Memphis Grizzlies,110,Sacramento Kings,119,Box Score,,11105,
681,Tue Mar 20 2012,9:00 pm,Oklahoma City Thunder,90,Utah Jazz,97,Box Score,,18138,
682,Wed Mar 21 2012,7:30 pm,Cleveland Cavaliers,102,Atlanta Hawks,103,Box Score,OT,12331,
683,Wed Mar 21 2012,9:30 pm,Los Angeles Lakers,109,Dallas Mavericks,93,Box Score,,20664,
684,Wed Mar 21 2012,9:00 pm,Detroit Pistons,115,Denver Nuggets,116,Box Score,,16681,
685,Wed Mar 21 2012,7:30 pm,Washington Wizards,108,New Jersey Nets,89,Box Score,,10097,
686,Wed Mar 21 2012,8:00 pm,Golden State Warriors,101,New Orleans Hornets,92,Box Score,,13959,
687,Wed Mar 21 2012,8:00 pm,Los Angeles Clippers,91,Oklahoma City Thunder,114,Box Score,,18203,
688,Wed Mar 21 2012,7:00 pm,Phoenix Suns,93,Orlando Magic,103,Box Score,,18930,
689,Wed Mar 21 2012,7:00 pm,New York Knicks,82,Philadelphia 76ers,79,Box Score,,20470,
690,Wed Mar 21 2012,8:30 pm,Minnesota Timberwolves,100,San Antonio Spurs,116,Box Score,,18581,
691,Wed Mar 21 2012,7:00 pm,Chicago Bulls,94,Toronto Raptors,82,Box Score,,17869,
692,Thu Mar 22 2012,8:00 pm,Golden State Warriors,83,Houston Rockets,109,Box Score,,15325,
693,Thu Mar 22 2012,8:00 pm,Boston Celtics,100,Milwaukee Bucks,91,Box Score,,15171,
694,Thu Mar 22 2012,8:00 pm,Los Angeles Clippers,90,New Orleans Hornets,97,Box Score,,17209,
695,Thu Mar 22 2012,10:00 pm,Memphis Grizzlies,93,Portland Trail Blazers,97,Box Score,,20636,
696,Thu Mar 22 2012,10:00 pm,Utah Jazz,103,Sacramento Kings,102,Box Score,,11646,
697,Thu Mar 22 2012,7:00 pm,Indiana Pacers,85,Washington Wizards,83,Box Score,,15874,
698,Fri Mar 23 2012,7:30 pm,New Jersey Nets,84,Atlanta Hawks,93,Box Score,,14129,
699,Fri Mar 23 2012,7:00 pm,Milwaukee Bucks,112,Charlotte Bobcats,92,Box Score,,13729,
700,Fri Mar 23 2012,7:30 pm,Miami Heat,88,Detroit Pistons,73,Box Score,,22076,
701,Fri Mar 23 2012,7:00 pm,Phoenix Suns,113,Indiana Pacers,111,Box Score,,14786,
702,Fri Mar 23 2012,10:30 pm,Portland Trail Blazers,96,Los Angeles Lakers,103,Box Score,,18997,
703,Fri Mar 23 2012,8:00 pm,Minnesota Timberwolves,140,Oklahoma City Thunder,149,Box Score,2OT,18203,
704,Fri Mar 23 2012,7:00 pm,Cleveland Cavaliers,80,Orlando Magic,93,Box Score,,18846,
705,Fri Mar 23 2012,8:00 pm,Boston Celtics,86,Philadelphia 76ers,99,Box Score,,19583,
706,Fri Mar 23 2012,8:30 pm,Dallas Mavericks,87,San Antonio Spurs,104,Box Score,,18581,
707,Fri Mar 23 2012,7:00 pm,New York Knicks,79,Toronto Raptors,96,Box Score,,19800,
708,Fri Mar 23 2012,10:30 pm,Denver Nuggets,102,Utah Jazz,121,Box Score,,19250,
709,Sat Mar 24 2012,8:00 pm,Toronto Raptors,101,Chicago Bulls,102,Box Score,OT,21841,
710,Sat Mar 24 2012,10:30 pm,Sacramento Kings,108,Golden State Warriors,111,Box Score,,19596,
711,Sat Mar 24 2012,8:00 pm,Dallas Mavericks,101,Houston Rockets,99,Box Score,OT,18193,
712,Sat Mar 24 2012,3:00 pm,Memphis Grizzlies,85,Los Angeles Clippers,101,Box Score,,19060,
713,Sat Mar 24 2012,8:30 pm,Indiana Pacers,125,Milwaukee Bucks,104,Box Score,,16207,
714,Sat Mar 24 2012,7:30 pm,Charlotte Bobcats,89,New Jersey Nets,102,Box Score,,13297,
715,Sat Mar 24 2012,8:00 pm,San Antonio Spurs,89,New Orleans Hornets,86,Box Score,,16118,
716,Sat Mar 24 2012,7:30 pm,Detroit Pistons,79,New York Knicks,101,Box Score,,19763,
717,Sat Mar 24 2012,7:00 pm,Atlanta Hawks,95,Washington Wizards,92,Box Score,,18588,
718,Sun Mar 25 2012,6:00 pm,Utah Jazz,133,Atlanta Hawks,139,Box Score,4OT,13544,
719,Sun Mar 25 2012,6:00 pm,Washington Wizards,76,Boston Celtics,88,Box Score,,18624,
720,Sun Mar 25 2012,3:00 pm,Phoenix Suns,108,Cleveland Cavaliers,83,Box Score,,17307,
721,Sun Mar 25 2012,10:30 pm,Memphis Grizzlies,102,Los Angeles Lakers,96,Box Score,,18997,
722,Sun Mar 25 2012,3:30 pm,Denver Nuggets,100,Minnesota Timberwolves,117,Box Score,,20023,
723,Sun Mar 25 2012,8:00 pm,Miami Heat,87,Oklahoma City Thunder,103,Box Score,,18203,
724,Sun Mar 25 2012,9:00 pm,Golden State Warriors,87,Portland Trail Blazers,90,Box Score,,20636,
725,Sun Mar 25 2012,7:00 pm,Philadelphia 76ers,76,San Antonio Spurs,93,Box Score,,18581,
726,Mon Mar 26 2012,7:00 pm,Boston Celtics,102,Charlotte Bobcats,95,Box Score,,16357,
727,Mon Mar 26 2012,8:00 pm,Denver Nuggets,108,Chicago Bulls,91,Box Score,,22274,
728,Mon Mar 26 2012,8:00 pm,Sacramento Kings,106,Houston Rockets,113,Box Score,OT,13572,
729,Mon Mar 26 2012,7:00 pm,Miami Heat,90,Indiana Pacers,105,Box Score,,17415,
730,Mon Mar 26 2012,10:30 pm,New Orleans Hornets,85,Los Angeles Clippers,97,Box Score,,19060,
731,Mon Mar 26 2012,7:30 pm,Utah Jazz,105,New Jersey Nets,84,Box Score,,10310,
732,Mon Mar 26 2012,7:30 pm,Milwaukee Bucks,80,New York Knicks,89,Box Score,,19763,
733,Mon Mar 26 2012,7:00 pm,Orlando Magic,117,Toronto Raptors,101,Box Score,,16429,
734,Mon Mar 26 2012,7:00 pm,Detroit Pistons,79,Washington Wizards,77,Box Score,,15911,
735,Tue Mar 27 2012,8:30 pm,Houston Rockets,81,Dallas Mavericks,90,Box Score,,20359,
736,Tue Mar 27 2012,10:30 pm,Los Angeles Lakers,104,Golden State Warriors,101,Box Score,,19596,
737,Tue Mar 27 2012,8:00 pm,Minnesota Timberwolves,86,Memphis Grizzlies,93,Box Score,,14769,
738,Tue Mar 27 2012,8:00 pm,Atlanta Hawks,101,Milwaukee Bucks,108,Box Score,,12223,
739,Tue Mar 27 2012,7:00 pm,Cleveland Cavaliers,85,Philadelphia 76ers,103,Box Score,,17832,
740,Tue Mar 27 2012,10:00 pm,San Antonio Spurs,107,Phoenix Suns,100,Box Score,,16573,
741,Tue Mar 27 2012,10:00 pm,Oklahoma City Thunder,109,Portland Trail Blazers,95,Box Score,,20626,
742,Wed Mar 28 2012,7:30 pm,Chicago Bulls,98,Atlanta Hawks,77,Box Score,,16290,
743,Wed Mar 28 2012,7:30 pm,Utah Jazz,82,Boston Celtics,94,Box Score,,18624,
744,Wed Mar 28 2012,7:00 pm,Minnesota Timberwolves,88,Charlotte Bobcats,83,Box Score,,10540,
745,Wed Mar 28 2012,7:00 pm,Detroit Pistons,87,Cleveland Cavaliers,75,Box Score,,14486,
746,Wed Mar 28 2012,10:30 pm,New Orleans Hornets,102,Golden State Warriors,87,Box Score,,18771,
747,Wed Mar 28 2012,10:30 pm,Phoenix Suns,86,Los Angeles Clippers,103,Box Score,,19060,
748,Wed Mar 28 2012,7:30 pm,Indiana Pacers,84,New Jersey Nets,100,Box Score,,10817,
749,Wed Mar 28 2012,7:00 pm,Orlando Magic,86,New York Knicks,108,Box Score,,19763,
750,Wed Mar 28 2012,10:00 pm,San Antonio Spurs,117,Sacramento Kings,112,Box Score,,13119,
751,Wed Mar 28 2012,7:00 pm,Denver Nuggets,96,Toronto Raptors,105,Box Score,,15867,
752,Thu Mar 29 2012,7:00 pm,Washington Wizards,89,Indiana Pacers,93,Box Score,,11505,
753,Thu Mar 29 2012,10:30 pm,Oklahoma City Thunder,102,Los Angeles Lakers,93,Box Score,,18997,
754,Thu Mar 29 2012,8:00 pm,Dallas Mavericks,85,Miami Heat,106,Box Score,,20096,
755,Thu Mar 29 2012,10:00 pm,New Orleans Hornets,93,Portland Trail Blazers,99,Box Score,,20499,
756,Fri Mar 30 2012,7:30 pm,New York Knicks,90,Atlanta Hawks,100,Box Score,,18389,
757,Fri Mar 30 2012,7:00 pm,Denver Nuggets,99,Charlotte Bobcats,88,Box Score,,13806,
758,Fri Mar 30 2012,8:00 pm,Detroit Pistons,71,Chicago Bulls,83,Box Score,,22385,
759,Fri Mar 30 2012,7:30 pm,Milwaukee Bucks,121,Cleveland Cavaliers,84,Box Score,,16099,
760,Fri Mar 30 2012,10:30 pm,New Jersey Nets,102,Golden State Warriors,100,Box Score,,19596,
761,Fri Mar 30 2012,8:00 pm,Memphis Grizzlies,89,Houston Rockets,98,Box Score,,16884,
762,Fri Mar 30 2012,10:30 pm,Portland Trail Blazers,97,Los Angeles Clippers,98,Box Score,,19060,
763,Fri Mar 30 2012,8:00 pm,Boston Celtics,100,Minnesota Timberwolves,79,Box Score,,19356,
764,Fri Mar 30 2012,8:00 pm,Dallas Mavericks,100,Orlando Magic,98,Box Score,,18951,
765,Fri Mar 30 2012,7:00 pm,Miami Heat,113,Toronto Raptors,101,Box Score,,19883,
766,Fri Mar 30 2012,9:00 pm,Sacramento Kings,104,Utah Jazz,103,Box Score,,19911,
767,Fri Mar 30 2012,7:00 pm,Philadelphia 76ers,76,Washington Wizards,97,Box Score,,18066,
768,Sat Mar 31 2012,7:30 pm,Charlotte Bobcats,107,Detroit Pistons,110,Box Score,OT,17082,
769,Sat Mar 31 2012,10:30 pm,Utah Jazz,96,Los Angeles Clippers,105,Box Score,,19060,
770,Sat Mar 31 2012,3:30 pm,New Orleans Hornets,85,Los Angeles Lakers,88,Box Score,,18997,
771,Sat Mar 31 2012,8:30 pm,Memphis Grizzlies,99,Milwaukee Bucks,95,Box Score,,17106,
772,Sat Mar 31 2012,7:30 pm,Cleveland Cavaliers,75,New York Knicks,91,Box Score,,19763,
773,Sat Mar 31 2012,7:30 pm,Atlanta Hawks,90,Philadelphia 76ers,95,Box Score,,19714,
774,Sat Mar 31 2012,10:00 pm,New Jersey Nets,111,Sacramento Kings,99,Box Score,,14370,
775,Sat Mar 31 2012,8:30 pm,Indiana Pacers,103,San Antonio Spurs,112,Box Score,,18581,
776,Sun Apr 1 2012,3:30 pm,Miami Heat,72,Boston Celtics,91,Box Score,,18624,
777,Sun Apr 1 2012,7:00 pm,Indiana Pacers,104,Houston Rockets,102,Box Score,OT,18197,
778,Sun Apr 1 2012,9:30 pm,Golden State Warriors,112,Los Angeles Lakers,120,Box Score,,18997,
779,Sun Apr 1 2012,1:00 pm,Chicago Bulls,78,Oklahoma City Thunder,92,Box Score,,18203,
780,Sun Apr 1 2012,6:00 pm,Denver Nuggets,104,Orlando Magic,101,Box Score,,18846,
781,Sun Apr 1 2012,9:00 pm,New Orleans Hornets,75,Phoenix Suns,92,Box Score,,15753,
782,Sun Apr 1 2012,9:00 pm,Minnesota Timberwolves,106,Portland Trail Blazers,119,Box Score,,20359,
783,Sun Apr 1 2012,6:00 pm,Washington Wizards,92,Toronto Raptors,99,Box Score,,16858,
784,Mon Apr 2 2012,8:00 pm,Houston Rockets,99,Chicago Bulls,93,Box Score,,21936,
785,Mon Apr 2 2012,8:30 pm,Los Angeles Clippers,94,Dallas Mavericks,75,Box Score,,20479,
786,Mon Apr 2 2012,8:00 pm,Memphis Grizzlies,94,Oklahoma City Thunder,88,Box Score,,18203,
787,Mon Apr 2 2012,10:00 pm,Utah Jazz,102,Portland Trail Blazers,97,Box Score,,20050,
788,Mon Apr 2 2012,10:00 pm,Minnesota Timberwolves,108,Sacramento Kings,116,Box Score,,12279,
789,Mon Apr 2 2012,7:00 pm,Milwaukee Bucks,112,Washington Wizards,98,Box Score,,16234,
790,Tue Apr 3 2012,7:00 pm,San Antonio Spurs,125,Cleveland Cavaliers,90,Box Score,,14759,
791,Tue Apr 3 2012,7:30 pm,Orlando Magic,95,Detroit Pistons,102,Box Score,,16741,
792,Tue Apr 3 2012,7:00 pm,New York Knicks,104,Indiana Pacers,112,Box Score,,17042,
793,Tue Apr 3 2012,10:30 pm,New Jersey Nets,87,Los Angeles Lakers,91,Box Score,,18997,
794,Tue Apr 3 2012,8:00 pm,Golden State Warriors,94,Memphis Grizzlies,98,Box Score,,14310,
795,Tue Apr 3 2012,7:30 pm,Philadelphia 76ers,93,Miami Heat,99,Box Score,,20015,
796,Tue Apr 3 2012,10:00 pm,Phoenix Suns,109,Sacramento Kings,100,Box Score,,12462,
797,Tue Apr 3 2012,7:00 pm,Charlotte Bobcats,87,Toronto Raptors,92,Box Score,,14640,
798,Wed Apr 4 2012,7:30 pm,Charlotte Bobcats,93,Atlanta Hawks,120,Box Score,,13046,
799,Wed Apr 4 2012,7:30 pm,San Antonio Spurs,87,Boston Celtics,86,Box Score,,18624,
800,Wed Apr 4 2012,8:30 pm,Memphis Grizzlies,85,Dallas Mavericks,95,Box Score,,20233,
801,Wed Apr 4 2012,10:30 pm,Los Angeles Lakers,113,Los Angeles Clippers,108,Box Score,,19819,
802,Wed Apr 4 2012,8:00 pm,Oklahoma City Thunder,93,Miami Heat,98,Box Score,,20104,
803,Wed Apr 4 2012,8:00 pm,Cleveland Cavaliers,98,Milwaukee Bucks,107,Box Score,,11849,
804,Wed Apr 4 2012,8:00 pm,Golden State Warriors,97,Minnesota Timberwolves,94,Box Score,,17161,
805,Wed Apr 4 2012,8:00 pm,Denver Nuggets,92,New Orleans Hornets,94,Box Score,,15020,
806,Wed Apr 4 2012,7:00 pm,Toronto Raptors,99,Philadelphia 76ers,78,Box Score,,18186,
807,Wed Apr 4 2012,10:00 pm,New Jersey Nets,88,Portland Trail Blazers,101,Box Score,,20464,
808,Wed Apr 4 2012,9:00 pm,Phoenix Suns,107,Utah Jazz,105,Box Score,,19911,
809,Wed Apr 4 2012,7:00 pm,Indiana Pacers,109,Washington Wizards,96,Box Score,,14561,
810,Thu Apr 5 2012,9:30 pm,Boston Celtics,86,Chicago Bulls,93,Box Score,,22423,
811,Thu Apr 5 2012,7:30 pm,Washington Wizards,94,Detroit Pistons,99,Box Score,,12681,
812,Thu Apr 5 2012,7:00 pm,New York Knicks,96,Orlando Magic,80,Box Score,,19098,
813,Thu Apr 5 2012,10:00 pm,Los Angeles Clippers,93,Sacramento Kings,85,Box Score,,14411,
814,Fri Apr 6 2012,7:30 pm,Detroit Pistons,96,Atlanta Hawks,101,Box Score,,15143,
815,Fri Apr 6 2012,8:30 pm,Portland Trail Blazers,99,Dallas Mavericks,97,Box Score,OT,20544,
816,Fri Apr 6 2012,9:00 pm,Phoenix Suns,99,Denver Nuggets,105,Box Score,,19155,
817,Fri Apr 6 2012,7:00 pm,Oklahoma City Thunder,98,Indiana Pacers,103,Box Score,,18165,
818,Fri Apr 6 2012,10:30 pm,Houston Rockets,112,Los Angeles Lakers,107,Box Score,,18997,
819,Fri Apr 6 2012,7:30 pm,Memphis Grizzlies,97,Miami Heat,82,Box Score,,20008,
820,Fri Apr 6 2012,8:30 pm,Charlotte Bobcats,90,Milwaukee Bucks,95,Box Score,,13374,
821,Fri Apr 6 2012,7:30 pm,Washington Wizards,98,New Jersey Nets,110,Box Score,,12783,
822,Fri Apr 6 2012,8:30 pm,New Orleans Hornets,103,San Antonio Spurs,128,Box Score,,18581,
823,Fri Apr 6 2012,7:30 pm,Cleveland Cavaliers,84,Toronto Raptors,80,Box Score,,16565,
824,Fri Apr 6 2012,9:00 pm,Golden State Warriors,98,Utah Jazz,104,Box Score,,18933,
825,Sat Apr 7 2012,8:00 pm,Atlanta Hawks,116,Charlotte Bobcats,96,Box Score,,14715,
826,Sat Apr 7 2012,10:30 pm,Denver Nuggets,97,Golden State Warriors,112,Box Score,,18942,
827,Sat Apr 7 2012,7:00 pm,Boston Celtics,86,Indiana Pacers,72,Box Score,,16892,
828,Sat Apr 7 2012,10:30 pm,Sacramento Kings,94,Los Angeles Clippers,109,Box Score,,19060,
829,Sat Apr 7 2012,8:00 pm,Dallas Mavericks,89,Memphis Grizzlies,94,Box Score,,18119,
830,Sat Apr 7 2012,8:30 pm,Portland Trail Blazers,94,Milwaukee Bucks,116,Box Score,,14969,
831,Sat Apr 7 2012,8:00 pm,Minnesota Timberwolves,90,New Orleans Hornets,99,Box Score,,15520,
832,Sat Apr 7 2012,8:00 pm,Orlando Magic,88,Philadelphia 76ers,82,Box Score,,19775,
833,Sat Apr 7 2012,10:00 pm,Los Angeles Lakers,105,Phoenix Suns,125,Box Score,,18237,
834,Sun Apr 8 2012,6:00 pm,Philadelphia 76ers,79,Boston Celtics,103,Box Score,,18624,
835,Sun Apr 8 2012,6:00 pm,Detroit Pistons,75,Miami Heat,98,Box Score,,20017,
836,Sun Apr 8 2012,6:00 pm,Cleveland Cavaliers,117,New Jersey Nets,122,Box Score,OT,11341,
837,Sun Apr 8 2012,1:00 pm,Chicago Bulls,99,New York Knicks,100,Box Score,OT,19763,
838,Sun Apr 8 2012,7:00 pm,Toronto Raptors,75,Oklahoma City Thunder,91,Box Score,,18203,
839,Sun Apr 8 2012,9:00 pm,Houston Rockets,104,Sacramento Kings,87,Box Score,,13299,
840,Sun Apr 8 2012,7:00 pm,Utah Jazz,104,San Antonio Spurs,114,Box Score,,18581,
841,Mon Apr 9 2012,7:00 pm,Washington Wizards,113,Charlotte Bobcats,85,Box Score,,10303,
842,Mon Apr 9 2012,9:00 pm,Golden State Warriors,84,Denver Nuggets,123,Box Score,,15530,
843,Mon Apr 9 2012,7:00 pm,Toronto Raptors,98,Indiana Pacers,103,Box Score,,11021,
844,Mon Apr 9 2012,8:00 pm,Los Angeles Clippers,85,Memphis Grizzlies,94,Box Score,,17219,
845,Mon Apr 9 2012,8:00 pm,Oklahoma City Thunder,109,Milwaukee Bucks,89,Box Score,,14111,
846,Mon Apr 9 2012,9:00 pm,Phoenix Suns,114,Minnesota Timberwolves,90,Box Score,,17274,
847,Mon Apr 9 2012,8:00 pm,Los Angeles Lakers,93,New Orleans Hornets,91,Box Score,,17275,
848,Mon Apr 9 2012,7:00 pm,Detroit Pistons,89,Orlando Magic,119,Box Score,,18998,
849,Mon Apr 9 2012,10:00 pm,Houston Rockets,94,Portland Trail Blazers,89,Box Score,,20487,
850,Mon Apr 9 2012,9:00 pm,San Antonio Spurs,84,Utah Jazz,91,Box Score,,19911,
851,Tue Apr 10 2012,9:30 pm,New York Knicks,86,Chicago Bulls,98,Box Score,,22131,
852,Tue Apr 10 2012,7:00 pm,Charlotte Bobcats,90,Cleveland Cavaliers,103,Box Score,,13576,
853,Tue Apr 10 2012,8:30 pm,Sacramento Kings,100,Dallas Mavericks,110,Box Score,,20241,
854,Tue Apr 10 2012,7:00 pm,Boston Celtics,115,Miami Heat,107,Box Score,,19954,
855,Tue Apr 10 2012,7:30 pm,Philadelphia 76ers,107,New Jersey Nets,88,Box Score,,15376,
856,Tue Apr 10 2012,7:00 pm,Orlando Magic,85,Washington Wizards,93,Box Score,,15355,
857,Wed Apr 11 2012,8:00 pm,Atlanta Hawks,86,Boston Celtics,88,Box Score,OT,18624,
858,Wed Apr 11 2012,7:00 pm,Indiana Pacers,104,Cleveland Cavaliers,98,Box Score,OT,14307,
859,Wed Apr 11 2012,9:00 pm,Minnesota Timberwolves,107,Denver Nuggets,113,Box Score,,15823,
860,Wed Apr 11 2012,8:00 pm,Utah Jazz,103,Houston Rockets,91,Box Score,,18273,
861,Wed Apr 11 2012,8:00 pm,Phoenix Suns,93,Memphis Grizzlies,104,Box Score,,15239,
862,Wed Apr 11 2012,8:00 pm,New York Knicks,111,Milwaukee Bucks,107,Box Score,,15534,
863,Wed Apr 11 2012,8:00 pm,Sacramento Kings,96,New Orleans Hornets,105,Box Score,,16906,
864,Wed Apr 11 2012,8:00 pm,Los Angeles Clippers,100,Oklahoma City Thunder,98,Box Score,,18203,
865,Wed Apr 11 2012,10:30 pm,Golden State Warriors,110,Portland Trail Blazers,118,Box Score,,20502,
866,Wed Apr 11 2012,8:30 pm,Los Angeles Lakers,98,San Antonio Spurs,84,Box Score,,18581,
867,Wed Apr 11 2012,7:00 pm,Philadelphia 76ers,93,Toronto Raptors,75,Box Score,,16324,
868,Thu Apr 12 2012,7:00 pm,Detroit Pistons,109,Charlotte Bobcats,85,Box Score,,10828,
869,Thu Apr 12 2012,8:00 pm,Miami Heat,86,Chicago Bulls,96,Box Score,OT,23015,
870,Thu Apr 12 2012,10:30 pm,Dallas Mavericks,112,Golden State Warriors,103,Box Score,,17929,
871,Thu Apr 12 2012,8:00 pm,Los Angeles Clippers,95,Minnesota Timberwolves,82,Box Score,,16016,
872,Thu Apr 12 2012,8:30 pm,Memphis Grizzlies,97,San Antonio Spurs,107,Box Score,,18581,
873,Fri Apr 13 2012,8:00 pm,Milwaukee Bucks,113,Detroit Pistons,97,Box Score,,15255,
874,Fri Apr 13 2012,8:00 pm,Phoenix Suns,112,Houston Rockets,105,Box Score,,18223,
875,Fri Apr 13 2012,7:00 pm,Cleveland Cavaliers,83,Indiana Pacers,102,Box Score,,13356,
876,Fri Apr 13 2012,10:30 pm,Denver Nuggets,97,Los Angeles Lakers,103,Box Score,,18997,
877,Fri Apr 13 2012,7:30 pm,Charlotte Bobcats,82,Miami Heat,105,Box Score,,19600,
878,Fri Apr 13 2012,8:00 pm,Utah Jazz,85,New Orleans Hornets,96,Box Score,,16326,
879,Fri Apr 13 2012,7:30 pm,Washington Wizards,65,New York Knicks,103,Box Score,,19763,
880,Fri Apr 13 2012,8:00 pm,Sacramento Kings,89,Oklahoma City Thunder,115,Box Score,,18203,
881,Fri Apr 13 2012,7:00 pm,Atlanta Hawks,109,Orlando Magic,81,Box Score,,18846,
882,Fri Apr 13 2012,7:00 pm,New Jersey Nets,95,Philadelphia 76ers,89,Box Score,,19169,
883,Fri Apr 13 2012,10:30 pm,Dallas Mavericks,97,Portland Trail Blazers,94,Box Score,,20304,
884,Fri Apr 13 2012,7:00 pm,Boston Celtics,79,Toronto Raptors,84,Box Score,,17270,
885,Sat Apr 14 2012,3:30 pm,Golden State Warriors,104,Los Angeles Clippers,112,Box Score,,19060,
886,Sat Apr 14 2012,8:00 pm,Utah Jazz,98,Memphis Grizzlies,103,Box Score,,17190,
887,Sat Apr 14 2012,8:30 pm,Indiana Pacers,105,Milwaukee Bucks,99,Box Score,,15143,
888,Sat Apr 14 2012,8:00 pm,Oklahoma City Thunder,115,Minnesota Timberwolves,110,Box Score,,19552,
889,Sat Apr 14 2012,7:30 pm,Boston Celtics,94,New Jersey Nets,82,Box Score,,18711,
890,Sat Apr 14 2012,9:00 pm,Phoenix Suns,91,San Antonio Spurs,105,Box Score,,18581,
891,Sat Apr 14 2012,7:00 pm,Cleveland Cavaliers,98,Washington Wizards,89,Box Score,,17200,
892,Sun Apr 15 2012,6:00 pm,Toronto Raptors,102,Atlanta Hawks,86,Box Score,,13845,
893,Sun Apr 15 2012,6:00 pm,Boston Celtics,94,Charlotte Bobcats,82,Box Score,,15169,
894,Sun Apr 15 2012,6:00 pm,Orlando Magic,100,Cleveland Cavaliers,84,Box Score,,16305,
895,Sun Apr 15 2012,8:00 pm,Houston Rockets,86,Denver Nuggets,101,Box Score,,17954,
896,Sun Apr 15 2012,6:00 pm,Chicago Bulls,100,Detroit Pistons,94,Box Score,OT,17450,
897,Sun Apr 15 2012,3:30 pm,Dallas Mavericks,108,Los Angeles Lakers,112,Box Score,OT,18997,
898,Sun Apr 15 2012,7:00 pm,Memphis Grizzlies,75,New Orleans Hornets,88,Box Score,,15570,
899,Sun Apr 15 2012,1:00 pm,Miami Heat,93,New York Knicks,85,Box Score,,19763,
900,Sun Apr 15 2012,6:00 pm,Portland Trail Blazers,103,Sacramento Kings,104,Box Score,,16012,
901,Mon Apr 16 2012,7:00 pm,New Orleans Hornets,75,Charlotte Bobcats,67,Box Score,,10876,
902,Mon Apr 16 2012,8:00 pm,Washington Wizards,87,Chicago Bulls,84,Box Score,,22307,
903,Mon Apr 16 2012,10:30 pm,San Antonio Spurs,120,Golden State Warriors,99,Box Score,,18471,
904,Mon Apr 16 2012,8:00 pm,Denver Nuggets,105,Houston Rockets,102,Box Score,,15988,
905,Mon Apr 16 2012,7:00 pm,Minnesota Timberwolves,88,Indiana Pacers,111,Box Score,,11845,
906,Mon Apr 16 2012,10:30 pm,Oklahoma City Thunder,77,Los Angeles Clippers,92,Box Score,,19516,
907,Mon Apr 16 2012,7:30 pm,Miami Heat,101,New Jersey Nets,98,Box Score,,18711,
908,Mon Apr 16 2012,7:00 pm,Philadelphia 76ers,100,Orlando Magic,113,Box Score,,18846,
909,Mon Apr 16 2012,10:00 pm,Portland Trail Blazers,107,Phoenix Suns,125,Box Score,,15322,
910,Mon Apr 16 2012,7:00 pm,Atlanta Hawks,109,Toronto Raptors,87,Box Score,,15992,
911,Mon Apr 16 2012,9:00 pm,Dallas Mavericks,121,Utah Jazz,123,Box Score,3OT,19363,
912,Tue Apr 17 2012,7:30 pm,Cleveland Cavaliers,77,Detroit Pistons,116,Box Score,,11595,
913,Tue Apr 17 2012,10:30 pm,San Antonio Spurs,112,Los Angeles Lakers,91,Box Score,,18997,
914,Tue Apr 17 2012,8:00 pm,Memphis Grizzlies,91,Minnesota Timberwolves,84,Box Score,,16709,
915,Tue Apr 17 2012,8:00 pm,Boston Celtics,110,New York Knicks,118,Box Score,,19763,
916,Tue Apr 17 2012,7:00 pm,Indiana Pacers,102,Philadelphia 76ers,97,Box Score,,18969,
917,Wed Apr 18 2012,7:30 pm,Detroit Pistons,84,Atlanta Hawks,116,Box Score,,14392,
918,Wed Apr 18 2012,8:00 pm,Orlando Magic,98,Boston Celtics,102,Box Score,,18624,
919,Wed Apr 18 2012,7:00 pm,Chicago Bulls,100,Charlotte Bobcats,68,Box Score,,14221,
920,Wed Apr 18 2012,7:00 pm,Philadelphia 76ers,103,Cleveland Cavaliers,87,Box Score,,14678,
921,Wed Apr 18 2012,8:30 pm,Houston Rockets,110,Dallas Mavericks,117,Box Score,,20508,
922,Wed Apr 18 2012,9:00 pm,Los Angeles Clippers,104,Denver Nuggets,98,Box Score,,17219,
923,Wed Apr 18 2012,10:30 pm,Los Angeles Lakers,99,Golden State Warriors,87,Box Score,,18547,
924,Wed Apr 18 2012,8:00 pm,New Orleans Hornets,91,Memphis Grizzlies,103,Box Score,,14507,
925,Wed Apr 18 2012,7:30 pm,Toronto Raptors,72,Miami Heat,96,Box Score,,19600,
926,Wed Apr 18 2012,7:30 pm,New York Knicks,104,New Jersey Nets,95,Box Score,,18711,
927,Wed Apr 18 2012,10:00 pm,Oklahoma City Thunder,109,Phoenix Suns,97,Box Score,,14873,
928,Wed Apr 18 2012,10:00 pm,Utah Jazz,112,Portland Trail Blazers,91,Box Score,,20545,
929,Wed Apr 18 2012,10:00 pm,San Antonio Spurs,127,Sacramento Kings,102,Box Score,,16954,
930,Wed Apr 18 2012,7:00 pm,Milwaukee Bucks,112,Washington Wizards,121,Box Score,,14141,
931,Thu Apr 19 2012,7:30 pm,Minnesota Timberwolves,91,Detroit Pistons,80,Box Score,,12458,
932,Thu Apr 19 2012,7:00 pm,Milwaukee Bucks,109,Indiana Pacers,118,Box Score,,12453,
933,Thu Apr 19 2012,8:00 pm,Chicago Bulls,72,Miami Heat,83,Box Score,,20008,
934,Thu Apr 19 2012,8:00 pm,Houston Rockets,99,New Orleans Hornets,105,Box Score,OT,18315,
935,Thu Apr 19 2012,10:30 pm,Los Angeles Clippers,90,Phoenix Suns,93,Box Score,,14644,
936,Fri Apr 20 2012,7:00 pm,Boston Celtics,92,Atlanta Hawks,97,Box Score,,16214,
937,Fri Apr 20 2012,7:00 pm,Memphis Grizzlies,85,Charlotte Bobcats,80,Box Score,,13428,
938,Fri Apr 20 2012,7:30 pm,New York Knicks,90,Cleveland Cavaliers,98,Box Score,,19349,
939,Fri Apr 20 2012,8:30 pm,Golden State Warriors,94,Dallas Mavericks,104,Box Score,,20547,
940,Fri Apr 20 2012,10:00 pm,Oklahoma City Thunder,103,Sacramento Kings,92,Box Score,,16882,
941,Fri Apr 20 2012,9:30 pm,Los Angeles Lakers,97,San Antonio Spurs,121,Box Score,,18581,
942,Sat Apr 21 2012,8:00 pm,Dallas Mavericks,83,Chicago Bulls,93,Box Score,,22945,
943,Sat Apr 21 2012,8:00 pm,Golden State Warriors,96,Houston Rockets,99,Box Score,,15436,
944,Sat Apr 21 2012,7:00 pm,Philadelphia 76ers,109,Indiana Pacers,106,Box Score,OT,17701,
945,Sat Apr 21 2012,8:00 pm,Portland Trail Blazers,89,Memphis Grizzlies,93,Box Score,,17904,
946,Sat Apr 21 2012,7:30 pm,Washington Wizards,86,Miami Heat,84,Box Score,,19722,
947,Sat Apr 21 2012,8:30 pm,New Jersey Nets,95,Milwaukee Bucks,106,Box Score,,15939,
948,Sat Apr 21 2012,5:30 pm,Denver Nuggets,118,Phoenix Suns,107,Box Score,,15877,
949,Sat Apr 21 2012,10:30 pm,Orlando Magic,107,Utah Jazz,117,Box Score,OT,19580,
950,Sun Apr 22 2012,1:00 pm,New York Knicks,113,Atlanta Hawks,112,Box Score,,18158,
951,Sun Apr 22 2012,6:00 pm,Sacramento Kings,114,Charlotte Bobcats,88,Box Score,,11317,
952,Sun Apr 22 2012,8:00 pm,Orlando Magic,74,Denver Nuggets,101,Box Score,,19155,
953,Sun Apr 22 2012,6:00 pm,Toronto Raptors,73,Detroit Pistons,76,Box Score,,14370,
954,Sun Apr 22 2012,9:30 pm,New Orleans Hornets,98,Los Angeles Clippers,107,Box Score,,19060,
955,Sun Apr 22 2012,3:30 pm,Oklahoma City Thunder,106,Los Angeles Lakers,114,Box Score,2OT,18997,
956,Sun Apr 22 2012,6:00 pm,Houston Rockets,88,Miami Heat,97,Box Score,,19859,
957,Sun Apr 22 2012,7:00 pm,Golden State Warriors,93,Minnesota Timberwolves,88,Box Score,,15872,
958,Sun Apr 22 2012,7:00 pm,Cleveland Cavaliers,98,San Antonio Spurs,114,Box Score,,18581,
959,Mon Apr 23 2012,7:00 pm,Detroit Pistons,97,Indiana Pacers,103,Box Score,,13584,
960,Mon Apr 23 2012,8:00 pm,Cleveland Cavaliers,101,Memphis Grizzlies,109,Box Score,,15504,
961,Mon Apr 23 2012,8:00 pm,Toronto Raptors,86,Milwaukee Bucks,92,Box Score,,13867,
962,Mon Apr 23 2012,7:30 pm,Philadelphia 76ers,105,New Jersey Nets,87,Box Score,,18711,
963,Mon Apr 23 2012,8:30 pm,Portland Trail Blazers,89,San Antonio Spurs,124,Box Score,,18581,
964,Mon Apr 23 2012,7:00 pm,Charlotte Bobcats,73,Washington Wizards,101,Box Score,,17355,
965,Tue Apr 24 2012,7:30 pm,Los Angeles Clippers,102,Atlanta Hawks,109,Box Score,,18223,
966,Tue Apr 24 2012,8:00 pm,Miami Heat,66,Boston Celtics,78,Box Score,,18624,
967,Tue Apr 24 2012,10:30 pm,New Orleans Hornets,83,Golden State Warriors,81,Box Score,,17598,
968,Tue Apr 24 2012,8:00 pm,Sacramento Kings,110,Oklahoma City Thunder,118,Box Score,,18203,
969,Tue Apr 24 2012,10:30 pm,Phoenix Suns,88,Utah Jazz,100,Box Score,,19911,
970,Wed Apr 25 2012,7:00 pm,Washington Wizards,96,Cleveland Cavaliers,85,Box Score,,18086,
971,Wed Apr 25 2012,7:00 pm,Chicago Bulls,92,Indiana Pacers,87,Box Score,,18165,
972,Wed Apr 25 2012,8:00 pm,Philadelphia 76ers,90,Milwaukee Bucks,85,Box Score,,13489,
973,Wed Apr 25 2012,8:00 pm,Los Angeles Clippers,93,New York Knicks,99,Box Score,,19763,
974,Wed Apr 25 2012,8:00 pm,Denver Nuggets,106,Oklahoma City Thunder,101,Box Score,,18203,
975,Wed Apr 25 2012,7:00 pm,Charlotte Bobcats,95,Orlando Magic,102,Box Score,,19152,
976,Wed Apr 25 2012,10:30 pm,San Antonio Spurs,110,Phoenix Suns,106,Box Score,,17172,
977,Thu Apr 26 2012,8:00 pm,Dallas Mavericks,89,Atlanta Hawks,106,Box Score,,14595,
978,Thu Apr 26 2012,8:00 pm,Milwaukee Bucks,74,Boston Celtics,87,Box Score,,18624,
979,Thu Apr 26 2012,8:00 pm,New York Knicks,104,Charlotte Bobcats,84,Box Score,,16023,
980,Thu Apr 26 2012,8:00 pm,Cleveland Cavaliers,75,Chicago Bulls,107,Box Score,,22563,
981,Thu Apr 26 2012,8:00 pm,Philadelphia 76ers,86,Detroit Pistons,108,Box Score,,15372,
982,Thu Apr 26 2012,10:30 pm,San Antonio Spurs,107,Golden State Warriors,101,Box Score,,18124,
983,Thu Apr 26 2012,8:00 pm,New Orleans Hornets,77,Houston Rockets,84,Box Score,,16602,
984,Thu Apr 26 2012,8:00 pm,Orlando Magic,76,Memphis Grizzlies,88,Box Score,,17215,
985,Thu Apr 26 2012,8:00 pm,Denver Nuggets,131,Minnesota Timberwolves,102,Box Score,,14824,
986,Thu Apr 26 2012,10:30 pm,Los Angeles Lakers,96,Sacramento Kings,113,Box Score,,16281,
987,Thu Apr 26 2012,7:00 pm,New Jersey Nets,67,Toronto Raptors,98,Box Score,,18161,
988,Thu Apr 26 2012,8:00 pm,Portland Trail Blazers,94,Utah Jazz,96,Box Score,,19554,
989,Thu Apr 26 2012,8:00 pm,Miami Heat,70,Washington Wizards,104,Box Score,,19537,
990,Sat Apr 28 2012,1:00 pm,Philadelphia 76ers,91,Chicago Bulls,103,Box Score,,21943,
991,Sat Apr 28 2012,7:00 pm,Orlando Magic,81,Indiana Pacers,77,Box Score,,18165,
992,Sat Apr 28 2012,3:30 pm,New York Knicks,67,Miami Heat,100,Box Score,,19621,
993,Sat Apr 28 2012,9:30 pm,Dallas Mavericks,98,Oklahoma City Thunder,99,Box Score,,18203,
994,Sun Apr 29 2012,7:00 pm,Boston Celtics,74,Atlanta Hawks,83,Box Score,,19292,
995,Sun Apr 29 2012,3:30 pm,Denver Nuggets,88,Los Angeles Lakers,103,Box Score,,18997,
996,Sun Apr 29 2012,9:30 pm,Los Angeles Clippers,99,Memphis Grizzlies,98,Box Score,,18119,
997,Sun Apr 29 2012,1:00 pm,Utah Jazz,91,San Antonio Spurs,106,Box Score,,18581,
998,Mon Apr 30 2012,7:30 pm,Orlando Magic,78,Indiana Pacers,93,Box Score,,18165,
999,Mon Apr 30 2012,7:00 pm,New York Knicks,94,Miami Heat,104,Box Score,,19684,
1000,Mon Apr 30 2012,9:30 pm,Dallas Mavericks,99,Oklahoma City Thunder,102,Box Score,,18203,
1001,Tue May 1 2012,7:30 pm,Boston Celtics,87,Atlanta Hawks,80,Box Score,,19308,
1002,Tue May 1 2012,8:00 pm,Philadelphia 76ers,109,Chicago Bulls,92,Box Score,,22067,
1003,Tue May 1 2012,10:30 pm,Denver Nuggets,100,Los Angeles Lakers,104,Box Score,,18997,
1004,Wed May 2 2012,9:30 pm,Los Angeles Clippers,98,Memphis Grizzlies,105,Box Score,,18119,
1005,Wed May 2 2012,7:30 pm,Indiana Pacers,97,Orlando Magic,74,Box Score,,18846,
1006,Wed May 2 2012,7:00 pm,Utah Jazz,83,San Antonio Spurs,114,Box Score,,18581,
1007,Thu May 3 2012,9:30 pm,Oklahoma City Thunder,95,Dallas Mavericks,79,Box Score,,20640,
1008,Thu May 3 2012,7:00 pm,Miami Heat,87,New York Knicks,70,Box Score,,19763,
1009,Fri May 4 2012,7:30 pm,Atlanta Hawks,84,Boston Celtics,90,Box Score,OT,18624,
1010,Fri May 4 2012,10:30 pm,Los Angeles Lakers,84,Denver Nuggets,99,Box Score,,19155,
1011,Fri May 4 2012,8:00 pm,Chicago Bulls,74,Philadelphia 76ers,79,Box Score,,20381,
1012,Sat May 5 2012,7:30 pm,Oklahoma City Thunder,103,Dallas Mavericks,97,Box Score,,20533,
1013,Sat May 5 2012,4:30 pm,Memphis Grizzlies,86,Los Angeles Clippers,87,Box Score,,19060,
1014,Sat May 5 2012,2:00 pm,Indiana Pacers,101,Orlando Magic,99,Box Score,OT,18846,
1015,Sat May 5 2012,10:00 pm,San Antonio Spurs,102,Utah Jazz,90,Box Score,,19911,
1016,Sun May 6 2012,7:00 pm,Atlanta Hawks,79,Boston Celtics,101,Box Score,,18624,
1017,Sun May 6 2012,9:30 pm,Los Angeles Lakers,92,Denver Nuggets,88,Box Score,,19155,
1018,Sun May 6 2012,3:30 pm,Miami Heat,87,New York Knicks,89,Box Score,,19763,
1019,Sun May 6 2012,1:00 pm,Chicago Bulls,82,Philadelphia 76ers,89,Box Score,,20412,
1020,Mon May 7 2012,10:30 pm,Memphis Grizzlies,97,Los Angeles Clippers,101,Box Score,OT,19167,
1021,Mon May 7 2012,8:00 pm,San Antonio Spurs,87,Utah Jazz,81,Box Score,,19911,
1022,Tue May 8 2012,8:00 pm,Boston Celtics,86,Atlanta Hawks,87,Box Score,,19319,
1023,Tue May 8 2012,9:30 pm,Philadelphia 76ers,69,Chicago Bulls,77,Box Score,,22093,
1024,Tue May 8 2012,7:00 pm,Orlando Magic,87,Indiana Pacers,105,Box Score,,18165,
1025,Tue May 8 2012,10:30 pm,Denver Nuggets,102,Los Angeles Lakers,99,Box Score,,18997,
1026,Wed May 9 2012,9:30 pm,Los Angeles Clippers,80,Memphis Grizzlies,92,Box Score,,18119,
1027,Wed May 9 2012,7:00 pm,New York Knicks,94,Miami Heat,106,Box Score,,19754,
1028,Thu May 10 2012,8:00 pm,Atlanta Hawks,80,Boston Celtics,83,Box Score,,18624,
1029,Thu May 10 2012,10:30 pm,Los Angeles Lakers,96,Denver Nuggets,113,Box Score,,19770,
1030,Thu May 10 2012,7:00 pm,Chicago Bulls,78,Philadelphia 76ers,79,Box Score,,20362,
1031,Fri May 11 2012,9:00 pm,Memphis Grizzlies,90,Los Angeles Clippers,88,Box Score,,19060,
1032,Sat May 12 2012,8:00 pm,Philadelphia 76ers,91,Boston Celtics,92,Box Score,,18624,
1033,Sat May 12 2012,10:30 pm,Denver Nuggets,87,Los Angeles Lakers,96,Box Score,,18997,
1034,Sun May 13 2012,1:00 pm,Los Angeles Clippers,82,Memphis Grizzlies,72,Box Score,,18119,
1035,Sun May 13 2012,3:30 pm,Indiana Pacers,86,Miami Heat,95,Box Score,,19600,
1036,Mon May 14 2012,7:00 pm,Philadelphia 76ers,82,Boston Celtics,81,Box Score,,18624,
1037,Mon May 14 2012,9:30 pm,Los Angeles Lakers,90,Oklahoma City Thunder,119,Box Score,,18203,
1038,Tue May 15 2012,7:00 pm,Indiana Pacers,78,Miami Heat,75,Box Score,,19828,
1039,Tue May 15 2012,9:30 pm,Los Angeles Clippers,92,San Antonio Spurs,108,Box Score,,18581,
1040,Wed May 16 2012,9:30 pm,Los Angeles Lakers,75,Oklahoma City Thunder,77,Box Score,,18203,
1041,Wed May 16 2012,7:00 pm,Boston Celtics,107,Philadelphia 76ers,91,Box Score,,20351,
1042,Thu May 17 2012,7:00 pm,Miami Heat,75,Indiana Pacers,94,Box Score,,18165,
1043,Thu May 17 2012,9:30 pm,Los Angeles Clippers,88,San Antonio Spurs,105,Box Score,,18581,
1044,Fri May 18 2012,10:30 pm,Oklahoma City Thunder,96,Los Angeles Lakers,99,Box Score,,18997,
1045,Fri May 18 2012,8:00 pm,Boston Celtics,83,Philadelphia 76ers,92,Box Score,,20411,
1046,Sat May 19 2012,3:30 pm,San Antonio Spurs,96,Los Angeles Clippers,86,Box Score,,19060,
1047,Sat May 19 2012,10:30 pm,Oklahoma City Thunder,103,Los Angeles Lakers,100,Box Score,,18997,
1048,Sun May 20 2012,3:30 pm,Miami Heat,101,Indiana Pacers,93,Box Score,,18165,
1049,Sun May 20 2012,10:30 pm,San Antonio Spurs,102,Los Angeles Clippers,99,Box Score,,19060,
1050,Mon May 21 2012,7:00 pm,Philadelphia 76ers,85,Boston Celtics,101,Box Score,,18624,
1051,Mon May 21 2012,9:30 pm,Los Angeles Lakers,90,Oklahoma City Thunder,106,Box Score,,18203,
1052,Tue May 22 2012,8:00 pm,Indiana Pacers,83,Miami Heat,115,Box Score,,20097,
1053,Wed May 23 2012,8:00 pm,Boston Celtics,75,Philadelphia 76ers,82,Box Score,,20403,
1054,Thu May 24 2012,8:00 pm,Miami Heat,105,Indiana Pacers,93,Box Score,,18165,
1055,Sat May 26 2012,8:00 pm,Philadelphia 76ers,75,Boston Celtics,85,Box Score,,18624,
1056,Sun May 27 2012,8:30 pm,Oklahoma City Thunder,98,San Antonio Spurs,101,Box Score,,18581,
1057,Mon May 28 2012,8:30 pm,Boston Celtics,79,Miami Heat,93,Box Score,,19912,
1058,Tue May 29 2012,9:00 pm,Oklahoma City Thunder,111,San Antonio Spurs,120,Box Score,,18581,
1059,Wed May 30 2012,8:30 pm,Boston Celtics,111,Miami Heat,115,Box Score,OT,19973,
1060,Thu May 31 2012,9:00 pm,San Antonio Spurs,82,Oklahoma City Thunder,102,Box Score,,18203,
1061,Fri Jun 1 2012,8:30 pm,Miami Heat,91,Boston Celtics,101,Box Score,,18624,
1062,Sat Jun 2 2012,8:30 pm,San Antonio Spurs,103,Oklahoma City Thunder,109,Box Score,,18203,
1063,Sun Jun 3 2012,8:30 pm,Miami Heat,91,Boston Celtics,93,Box Score,OT,18624,
1064,Mon Jun 4 2012,9:00 pm,Oklahoma City Thunder,108,San Antonio Spurs,103,Box Score,,18581,
1065,Tue Jun 5 2012,8:30 pm,Boston Celtics,94,Miami Heat,90,Box Score,,20021,
1066,Wed Jun 6 2012,9:00 pm,San Antonio Spurs,99,Oklahoma City Thunder,107,Box Score,,18203,
1067,Thu Jun 7 2012,8:30 pm,Miami Heat,98,Boston Celtics,79,Box Score,,18624,
1068,Sat Jun 9 2012,8:30 pm,Boston Celtics,88,Miami Heat,101,Box Score,,20114,
1069,Tue Jun 12 2012,9:00 pm,Miami Heat,94,Oklahoma City Thunder,105,Box Score,,18203,
1070,Thu Jun 14 2012,9:00 pm,Miami Heat,100,Oklahoma City Thunder,96,Box Score,,18203,
1071,Sun Jun 17 2012,8:00 pm,Oklahoma City Thunder,85,Miami Heat,91,Box Score,,20003,
1072,Tue Jun 19 2012,9:00 pm,Oklahoma City Thunder,98,Miami Heat,104,Box Score,,20003,
1073,Thu Jun 21 2012,9:00 pm,Oklahoma City Thunder,106,Miami Heat,121,Box Score,,20003,
